--
-- Script was generated by Devart dbForge Studio 2022 for SQL Server, Version 6.4.124.0
-- Product Home Page: http://www.devart.com/dbforge/sql/studio
-- Script date 7/5/2023 10:29:29 AM
-- Target server version: 16.00.1000
-- Target connection string: Data Source=DESKTOP-S2TNCS5\SQLEXPRESS;Initial Catalog=vinhomes-ecommerce;Integrated Security=True;User ID=DESKTOP-S2TNCS5\datuwu
--



SET LANGUAGE 'English'
SET DATEFORMAT ymd
SET ARITHABORT, ANSI_PADDING, ANSI_WARNINGS, CONCAT_NULL_YIELDS_NULL, QUOTED_IDENTIFIER, ANSI_NULLS, NOCOUNT ON
SET NUMERIC_ROUNDABORT, IMPLICIT_TRANSACTIONS, XACT_ABORT OFF
GO

--
-- Backing up database [vinhomes-ecommerce]
--
--
-- Create backup folder
--
IF OBJECT_ID('xp_create_subdir') IS NOT NULL
  EXEC xp_create_subdir N'C:\Program Files\Microsoft SQL Server\MSSQL16.SQLEXPRESS\MSSQL\Backup'
--
-- Backup database to the file with the name: <database_name>_<yyyy>_<mm>_<dd>_<hh>_<mi>.bak
--
DECLARE @db_name SYSNAME
SET @db_name = N'vinhomes-ecommerce'

DECLARE @filepath NVARCHAR(4000)
SET @filepath =
/*define base part*/ N'C:\Program Files\Microsoft SQL Server\MSSQL16.SQLEXPRESS\MSSQL\Backup\' + @db_name + '_' +
/*append date*/ REPLACE(CONVERT(NVARCHAR(10), GETDATE(), 102), '.', '_') + '_' +
/*append time*/ REPLACE(CONVERT(NVARCHAR(5), GETDATE(), 108), ':', '_') + '.bak'

DECLARE @SQL NVARCHAR(MAX)
SET @SQL = 
    N'BACKUP DATABASE ' + QUOTENAME(@db_name) + ' TO DISK = @filepath WITH INIT' + 
      CASE WHEN EXISTS(
                SELECT value
                FROM sys.configurations WITH (NOLOCK)
                WHERE name = 'backup compression default'
          )
        THEN ', COMPRESSION'
        ELSE ''
      END

EXEC sys.sp_executesql @SQL, N'@filepath NVARCHAR(4000)', @filepath = @filepath
GO

USE [vinhomes-ecommerce]
GO

IF DB_NAME() <> N'vinhomes-ecommerce' SET NOEXEC ON
GO
--
-- Delete data from the table 'dbo.Review'
--
TRUNCATE TABLE dbo.Review
GO
--
-- Delete data from the table 'dbo.Rating'
--
TRUNCATE TABLE dbo.Rating
GO
--
-- Delete data from the table 'dbo.Payment'
--
TRUNCATE TABLE dbo.Payment
GO
--
-- Delete data from the table 'dbo.OrderDetail'
--
TRUNCATE TABLE dbo.OrderDetail
GO
--
-- Delete data from the table 'dbo.Inventory'
--
TRUNCATE TABLE dbo.Inventory
GO
--
-- Delete data from the table 'dbo.Product'
--
DELETE dbo.Product
GO
--
-- Delete data from the table 'dbo.[Order]'
--
DELETE dbo.[Order]
GO
--
-- Delete data from the table 'dbo.Store'
--
DELETE dbo.Store
GO
--
-- Delete data from the table 'dbo.[User]'
--
DELETE dbo.[User]
GO
--
-- Delete data from the table 'dbo.Role'
--
DELETE dbo.Role
GO
--
-- Delete data from the table 'dbo.Category'
--
DELETE dbo.Category
GO

--
-- Inserting data into table dbo.Category
--
INSERT dbo.Category(Id, Name, Description) VALUES ('7461553a-1f2b-56a6-e8c0-f32a102323e6', N'Audible', N'Quibusdam eos reprehenderit. Ullam nemo quo. Nostrum nihil quisquam. Sed possimus dolorem. Nemo tempore repellat. Similique ipsa quia! Assumenda asperiores.')
INSERT dbo.Category(Id, Name, Description) VALUES ('4fe5ee09-2c89-580a-dc49-fe4bedd9e894', N'Outdoors', N'Sed aut ut qui. Saepe vitae quis. Quae officia qui ut accusantium. Obcaecati itaque et! Veniam rerum inventore; porro eos error.')
INSERT dbo.Category(Id, Name, Description) VALUES ('3b880afd-77ba-69c9-6510-dde5fda516a2', N'Patio', N'Reprehenderit sit est. Quia aut a. Illo pariatur voluptas! Cupiditate doloremque odit; cum delectus unde? Alias sit ut; sunt fugiat totam.')
INSERT dbo.Category(Id, Name, Description) VALUES ('61e3cc06-6237-222a-7e5b-5b97e23db0bb', N'Home', N'Molestias natus minima necessitatibus repudiandae nesciunt doloremque. Sit molestiae fugit itaque assumenda omnis? Dignissimos ratione eligendi. Architecto.')
INSERT dbo.Category(Id, Name, Description) VALUES ('4f610a3d-21c1-4b2b-c4fe-7f9a08424f7b', N'Accessories', N'Sed hic explicabo repudiandae ab aperiam facere. Unde quae ipsa quos porro incidunt et...')
INSERT dbo.Category(Id, Name, Description) VALUES ('541c96a6-4e24-27fe-6610-dde5fda516a2', N'Crafts', N'Nulla illum sint. Rem ipsam rerum. Adipisci eligendi reiciendis! Vitae omnis quis? Et nihil cupiditate! Placeat quia iure. Delectus neque labore. Maiores.')
INSERT dbo.Category(Id, Name, Description) VALUES ('2dc25166-685c-4bc3-dd49-fe4bedd9e894', N'Gifts', N'Sed nobis maiores omnis dolorem a. Qui consequatur dolor omnis rerum molestiae? Voluptates qui velit aut! Magni ut saepe.')
INSERT dbo.Category(Id, Name, Description) VALUES ('791677d3-77fe-14fe-34fe-59285cca9f53', N'Furniture', N'Laborum qui exercitationem. Voluptatem illum quae! Autem aut deserunt voluptas deleniti? Harum sapiente sunt tempora facere iusto repudiandae.')
INSERT dbo.Category(Id, Name, Description) VALUES ('3af97028-144d-3632-fe0b-72dcf4babcff', N'Office', N'Sit suscipit mollitia assumenda. Dolor et dolor aspernatur! Necessitatibus aspernatur reprehenderit ea. Aut et dolorem illum explicabo consequatur unde.')
INSERT dbo.Category(Id, Name, Description) VALUES ('112f44cf-4800-2ee8-7f5b-5b97e23db0bb', N'Baby', N'Unde eos nostrum voluptatem temporibus et odio. Iste consectetur velit incidunt ab aspernatur corporis.')
INSERT dbo.Category(Id, Name, Description) VALUES ('3cac9e93-6ba9-5ebf-1cb3-db767732063a', N'Food', N'Fuga maiores dolores. Vel similique debitis. Aut est voluptas. Eum dolor repellat; nam aperiam natus. Natus ut quam! Non quas maxime. Quae voluptatem.')
INSERT dbo.Category(Id, Name, Description) VALUES ('5eb78adb-60fd-65e0-c5fe-7f9a08424f7b', N'Electronics', N'Hic ut perspiciatis dicta sit et vel.')
INSERT dbo.Category(Id, Name, Description) VALUES ('73b4303a-1d86-4f9c-6710-dde5fda516a2', N'Pharmacy', N'Perspiciatis corporis a. Aut unde quibusdam sunt similique neque quaerat. Voluptatem doloribus perspiciatis enim corporis sit rem.')
INSERT dbo.Category(Id, Name, Description) VALUES ('2e27c476-1dcf-3993-de49-fe4bedd9e894', N'Clothing', N'Atque eius ex. Blanditiis error impedit. Ut molestiae placeat? Et fugit quisquam; ab quia ut. Accusantium omnis autem. Et enim reprehenderit? Sit eos.')
INSERT dbo.Category(Id, Name, Description) VALUES ('438f4bc8-43a0-3f54-e9c0-f32a102323e6', N'Beauty', N'Doloribus sint quae architecto ipsa ea eum. Aliquam non praesentium esse inventore perspiciatis aliquam.')
INSERT dbo.Category(Id, Name, Description) VALUES ('309bf510-42f8-3738-ff0b-72dcf4babcff', N'Outdoors', N'Quia inventore voluptatem. Veniam enim velit; ut doloribus perferendis. Unde debitis sint. Modi et molestiae; pariatur quas unde. Natus nemo quos. Cumque.')
INSERT dbo.Category(Id, Name, Description) VALUES ('19c827d0-5650-30bd-eac0-f32a102323e6', N'Baby', N'Voluptatibus eos consequatur corrupti ipsa vero odit. Corrupti animi voluptas qui nostrum sed non...')
INSERT dbo.Category(Id, Name, Description) VALUES ('33a81eda-5ab3-12fa-805b-5b97e23db0bb', N'Clothing', N'Quibusdam dicta tempora ea asperiores incidunt et. Odio incidunt itaque! Repellat ipsam accusantium. Et magnam nisi! Reiciendis ad error. Corporis.')
INSERT dbo.Category(Id, Name, Description) VALUES ('712b2b28-7bf7-5852-4dad-bdad7b5f7d1a', N'Jewelry', N'Incidunt sit eveniet natus beatae deserunt incidunt...')
INSERT dbo.Category(Id, Name, Description) VALUES ('118f1de1-1ce0-652d-c6fe-7f9a08424f7b', N'Tools', N'Quisquam qui voluptatem. Veniam omnis nesciunt. Iusto voluptas eaque. Commodi quia iusto. Error odit ut! Natus non et. Incidunt similique et. Numquam.')
INSERT dbo.Category(Id, Name, Description) VALUES ('414ed551-3821-5bf9-000c-72dcf4babcff', N'Home', N'Ab vel harum provident voluptates nobis aut.')
INSERT dbo.Category(Id, Name, Description) VALUES ('15e44603-1997-1312-35fe-59285cca9f53', N'Audible', N'Iste optio velit. Quaerat aliquam deleniti? Tempora necessitatibus quaerat! Tempore fugit perspiciatis. Mollitia quia velit. Porro eum et. Error et.')
INSERT dbo.Category(Id, Name, Description) VALUES ('604cff79-495d-779b-6810-dde5fda516a2', N'Books', N'Suscipit ex omnis. Repellat sunt dolorum! Obcaecati eos ad; illum facilis modi a veritatis est nisi. Eos omnis magnam libero quia eaque!')
INSERT dbo.Category(Id, Name, Description) VALUES ('4f98f660-3ec5-3d95-ebc0-f32a102323e6', N'Pharmacy', N'Ut aliquid laudantium. Quaerat ipsa voluptatem reiciendis cum eum. Dolores eum accusantium inventore et rerum error! Perferendis quibusdam omnis cumque.')
INSERT dbo.Category(Id, Name, Description) VALUES ('2090dc02-2f47-30dc-010c-72dcf4babcff', N'Home', N'Reprehenderit ut omnis expedita molestiae ad ea...')
INSERT dbo.Category(Id, Name, Description) VALUES ('456472c5-1dea-46c7-ecc0-f32a102323e6', N'Audible', N'Voluptatem sapiente magnam. Sed accusantium esse. Maxime voluptatem culpa. Esse eum autem! Et dolor accusamus. Voluptatibus sint voluptatem. Quam voluptates!')
INSERT dbo.Category(Id, Name, Description) VALUES ('772ebe29-5de4-27dd-020c-72dcf4babcff', N'Food', N'Accusamus et porro reprehenderit incidunt sed ipsum. Similique minima neque. Eos consequatur tenetur magnam. Temporibus sit soluta dolorem neque delectus?')
INSERT dbo.Category(Id, Name, Description) VALUES ('224fc5d2-714a-601d-edc0-f32a102323e6', N'Computers', N'Omnis sed nam. Mollitia quia tenetur. In suscipit culpa! Laudantium porro voluptatum; ut eos et. Voluptatem quisquam ut. Et consectetur eos. Quibusdam.')
INSERT dbo.Category(Id, Name, Description) VALUES ('7ff9041f-3bbc-63a0-df49-fe4bedd9e894', N'Crafts', N'Doloribus tempore dolor et laboriosam sit. Voluptatem qui sapiente. Consectetur voluptas ipsam! Ut et optio? Nulla aliquam ea. Illum cum et.')
INSERT dbo.Category(Id, Name, Description) VALUES ('36cb9961-5501-1ddb-030c-72dcf4babcff', N'Health', N'Ducimus est facilis sint dignissimos repellendus magni. Et eligendi ipsam deleniti eum tempora iste!')
INSERT dbo.Category(Id, Name, Description) VALUES ('38589430-7e99-4212-c7fe-7f9a08424f7b', N'Home', N'Natus dolores fuga. Reprehenderit cumque tempora. Magni officiis et. Earum alias officiis. Perferendis quisquam voluptatem. Et vero beatae. Accusantium animi;')
INSERT dbo.Category(Id, Name, Description) VALUES ('50bc39ab-4fc6-2533-1db3-db767732063a', N'Accessories', N'Perspiciatis vero esse. Totam suscipit non! Modi cum sit. Commodi blanditiis enim. Sapiente hic in; id qui aut. Eveniet magni quidem.')
INSERT dbo.Category(Id, Name, Description) VALUES ('16bb069f-67fe-5bc7-815b-5b97e23db0bb', N'Books', N'Sapiente omnis maiores. Laudantium et autem porro sed. Ipsam assumenda et laudantium aut non ipsam! Voluptatem optio eum. Facilis nihil pariatur.')
INSERT dbo.Category(Id, Name, Description) VALUES ('43f5f8ae-4be1-6999-e049-fe4bedd9e894', N'Shoes', N'Vero id voluptates; unde dolores ipsa. Omnis voluptatem debitis! Enim saepe delectus? Ipsam qui et. Rem sit ut; laborum vel sequi. Eveniet dolores illum;')
INSERT dbo.Category(Id, Name, Description) VALUES ('2e6e9853-1d4c-4072-6910-dde5fda516a2', N'Electronics', N'Ullam et officiis. Sequi corporis est eveniet voluptatibus. Ut dolor fuga delectus sapiente. Sed accusamus error eveniet ipsum nulla nisi!')
INSERT dbo.Category(Id, Name, Description) VALUES ('318855d2-3323-4399-36fe-59285cca9f53', N'Crafts', N'Aut ut aliquid. Fugit natus nemo? Qui assumenda voluptas. Ratione ducimus illo? Laboriosam iste nihil! Et qui pariatur. Quod non adipisci. Qui culpa fugit.')
INSERT dbo.Category(Id, Name, Description) VALUES ('34c378fc-7884-3838-c8fe-7f9a08424f7b', N'Automotive', N'Sed eaque quos sed tempore voluptates dolor. Dolores ut soluta quibusdam a voluptatibus cum.')
INSERT dbo.Category(Id, Name, Description) VALUES ('15874594-2513-27dc-3562-3ffc96c7e300', N'Toys', N'Voluptatem atque blanditiis quia recusandae reiciendis quas.')
INSERT dbo.Category(Id, Name, Description) VALUES ('280ee33d-11cf-7121-4ead-bdad7b5f7d1a', N'Computers', N'Error tenetur consequatur. Unde eius dolore. Soluta voluptatem similique; qui reprehenderit doloremque. Placeat voluptates fuga! Sed perferendis quisquam.')
INSERT dbo.Category(Id, Name, Description) VALUES ('456a2b61-66b9-7bd0-1eb3-db767732063a', N'Gifts', N'Natus non unde aspernatur nobis perferendis voluptas. Non error qui ducimus magnam explicabo quo.')
INSERT dbo.Category(Id, Name, Description) VALUES ('52fc3a07-2372-59a0-eec0-f32a102323e6', N'Health', N'Totam quod aut. Natus error natus dicta eligendi accusantium blanditiis! Tempora facilis modi praesentium quia velit recusandae.')
INSERT dbo.Category(Id, Name, Description) VALUES ('5af1f347-6ae6-15e3-040c-72dcf4babcff', N'Pets', N'Libero suscipit a iste voluptate voluptatem et; itaque facere voluptatum quaerat labore. Accusantium laborum qui? Est quia rem. Libero deserunt voluptatem!')
INSERT dbo.Category(Id, Name, Description) VALUES ('49043fd4-1c33-787d-e149-fe4bedd9e894', N'Garden', N'Minima ut dolore; assumenda aliquid qui. Reprehenderit rerum tempora! Quis voluptatem aliquam. Quia error quidem? Impedit at porro. Consequatur modi sit!')
INSERT dbo.Category(Id, Name, Description) VALUES ('593b1687-2168-1248-825b-5b97e23db0bb', N'Pharmacy', N'Culpa debitis ullam. Eos quae nisi; inventore voluptatem dolores? Voluptas dolorum laborum! Culpa quo sunt; magnam non blanditiis. Aut perferendis aperiam.')
INSERT dbo.Category(Id, Name, Description) VALUES ('358ac342-2644-437f-37fe-59285cca9f53', N'Food', N'Suscipit voluptatem labore voluptatem aliquam a placeat. Accusantium sed quae. Nihil iste aliquid. Velit et aut. Reprehenderit omnis sit. Esse dicta ut.')
INSERT dbo.Category(Id, Name, Description) VALUES ('297df6bd-76b4-28b9-1fb3-db767732063a', N'Games', N'Cupiditate consectetur vitae. Recusandae sit aut! Quisquam esse iste. Facilis voluptatem porro; in quo cupiditate. Nihil et iste! Culpa voluptas aperiam.')
INSERT dbo.Category(Id, Name, Description) VALUES ('79294463-52de-35c3-3662-3ffc96c7e300', N'Home', N'Mollitia ea natus. Error voluptates nemo. Modi non qui? Omnis quae eos. Voluptatem omnis voluptate; aperiam aut perspiciatis. Obcaecati qui omnis! Iure est?')
INSERT dbo.Category(Id, Name, Description) VALUES ('1f706cea-58a5-4ace-efc0-f32a102323e6', N'Crafts', N'Nobis accusamus aspernatur sit laudantium ullam nulla.')
INSERT dbo.Category(Id, Name, Description) VALUES ('593e4522-6250-578f-c9fe-7f9a08424f7b', N'Patio', N'Nam eius rerum impedit et. Sed maiores aut. Quo voluptatem iusto error aut. Eligendi sed aut.')
INSERT dbo.Category(Id, Name, Description) VALUES ('1683e09d-7b61-426d-4fad-bdad7b5f7d1a', N'Electronics', N'Nam sunt ea. Accusantium unde sit. Nulla unde commodi. Quis laborum sit. Nisi rerum ipsum! Eaque animi illum. Et dolor et. Nihil necessitatibus ut. Ut velit.')
GO

--
-- Inserting data into table dbo.Role
--
INSERT dbo.Role(Id, Name) VALUES ('7b0e03a5-3ce2-5830-f08d-a4a9c17b3f72', N'Admin')
INSERT dbo.Role(Id, Name) VALUES ('17ae2be6-2c6a-5cab-3bcb-6f55ff55ddab', N'Store Owner')
INSERT dbo.Role(Id, Name) VALUES ('1863f692-73f4-472d-09d9-225ba613d98b', N'Customer')
GO

--
-- Inserting data into table dbo.[User]
--
INSERT dbo.[User](Id, Name, Email, PhotoUrl, FirebaseUID, Status, RoleId, StoreId) VALUES ('5e6695e2-5aad-3241-6c1a-bb545470e80c', N'Tomas2029', N'rmfz953@example.com', N'https://loremflickr.com/640/480/food', N'01251', 2, '7b0e03a5-3ce2-5830-f08d-a4a9c17b3f72', '43bc1ae0-4075-2d7a-1f6d-ebb174b30257')
INSERT dbo.[User](Id, Name, Email, PhotoUrl, FirebaseUID, Status, RoleId, StoreId) VALUES ('6207a9a7-3bf9-7288-8565-390639088226', N'Beulah65', N'StuartZ.Kinder@nowhere.com', N'https://loremflickr.com/640/480/food', N'27120', 3, '7b0e03a5-3ce2-5830-f08d-a4a9c17b3f72', '741e2d8f-5b59-3993-9937-9dd9a18b459d')
INSERT dbo.[User](Id, Name, Email, PhotoUrl, FirebaseUID, Status, RoleId, StoreId) VALUES ('6d81a322-63f0-7270-6d1a-bb545470e80c', N'Norbert2018', N'Acker@example.com', N'https://loremflickr.com/640/480/food', N'96561', 1, '7b0e03a5-3ce2-5830-f08d-a4a9c17b3f72', '112424cc-2810-12c6-7cb4-543cf3233de1')
INSERT dbo.[User](Id, Name, Email, PhotoUrl, FirebaseUID, Status, RoleId, StoreId) VALUES ('60e226cb-63fb-4363-fc4d-8601bf3d85d8', N'Elton1957', N'Asbury@example.com', N'https://loremflickr.com/640/480/food', N'23679', 3, '17ae2be6-2c6a-5cab-3bcb-6f55ff55ddab', '726b7918-3aac-4f65-92ff-d2edd7bbd6fa')
INSERT dbo.[User](Id, Name, Email, PhotoUrl, FirebaseUID, Status, RoleId, StoreId) VALUES ('11fbda18-5d9f-396c-1299-04b3a3d51ef2', N'Daniela1984', N'nlwccgg0@nowhere.com', N'https://loremflickr.com/640/480/food', N'15656', 1, '1863f692-73f4-472d-09d9-225ba613d98b', '223a95f8-69c3-120f-0722-6d00901b693d')
INSERT dbo.[User](Id, Name, Email, PhotoUrl, FirebaseUID, Status, RoleId, StoreId) VALUES ('76598eb0-20b1-664e-8665-390639088226', N'Darling1983', N'Chandler@example.com', N'https://loremflickr.com/640/480/food', N'35715', 3, '1863f692-73f4-472d-09d9-225ba613d98b', '2feb5322-5141-4fa1-9a37-9dd9a18b459d')
INSERT dbo.[User](Id, Name, Email, PhotoUrl, FirebaseUID, Status, RoleId, StoreId) VALUES ('5ada22d3-3248-6596-6e1a-bb545470e80c', N'Sweet1967', N'Bagwell@nowhere.com', N'https://loremflickr.com/640/480/food', N'75530', 2, '7b0e03a5-3ce2-5830-f08d-a4a9c17b3f72', '6cf1f8db-32a5-5a4f-b382-1b8b8623dfb6')
INSERT dbo.[User](Id, Name, Email, PhotoUrl, FirebaseUID, Status, RoleId, StoreId) VALUES ('697be7ba-1738-6adf-298f-4d82f3a13455', N'Abbie682', N'Quincy_Angel@example.com', N'https://loremflickr.com/640/480/food', N'58469', 2, '7b0e03a5-3ce2-5830-f08d-a4a9c17b3f72', '37f249b9-3399-5b07-7db4-543cf3233de1')
INSERT dbo.[User](Id, Name, Email, PhotoUrl, FirebaseUID, Status, RoleId, StoreId) VALUES ('4bfe55ba-57df-274c-1144-cfd00e0a9b3b', N'Dwain1', N'Abernathy797@example.com', N'https://loremflickr.com/640/480/food', N'90983', 2, '7b0e03a5-3ce2-5830-f08d-a4a9c17b3f72', '48c65f94-7434-2fea-3c88-b0b9ae204823')
INSERT dbo.[User](Id, Name, Email, PhotoUrl, FirebaseUID, Status, RoleId, StoreId) VALUES ('15b4ab0a-3b8f-6f6f-2a8f-4d82f3a13455', N'Burdette1979', N'EltonStanton941@nowhere.com', N'https://loremflickr.com/640/480/food', N'29888', 3, '1863f692-73f4-472d-09d9-225ba613d98b', '611f84a1-429e-1c2d-91ff-d2edd7bbd6fa')
INSERT dbo.[User](Id, Name, Email, PhotoUrl, FirebaseUID, Status, RoleId, StoreId) VALUES ('6ed2e962-178c-712c-fd4d-8601bf3d85d8', N'Mariana2006', N'EliasZPotts68@nowhere.com', N'https://loremflickr.com/640/480/food', N'71040', 1, '7b0e03a5-3ce2-5830-f08d-a4a9c17b3f72', '611f84a1-429e-1c2d-91ff-d2edd7bbd6fa')
INSERT dbo.[User](Id, Name, Email, PhotoUrl, FirebaseUID, Status, RoleId, StoreId) VALUES ('4a0e751e-750e-45c3-de78-cf6d4dd5c4a3', N'Karolyn1979', N'Thornburg757@example.com', N'https://loremflickr.com/640/480/food', N'52912', 3, '1863f692-73f4-472d-09d9-225ba613d98b', '223a95f8-69c3-120f-0722-6d00901b693d')
INSERT dbo.[User](Id, Name, Email, PhotoUrl, FirebaseUID, Status, RoleId, StoreId) VALUES ('33c6f0f4-3591-2c8e-1244-cfd00e0a9b3b', N'Joslyn39', N'pspu1089@nowhere.com', N'https://loremflickr.com/640/480/food', N'37056', 3, '1863f692-73f4-472d-09d9-225ba613d98b', '611f84a1-429e-1c2d-91ff-d2edd7bbd6fa')
INSERT dbo.[User](Id, Name, Email, PhotoUrl, FirebaseUID, Status, RoleId, StoreId) VALUES ('11643064-22fb-7e14-1399-04b3a3d51ef2', N'Nunez1997', N'pgatpfig_zooib@example.com', N'https://loremflickr.com/640/480/food', N'67228', 3, '1863f692-73f4-472d-09d9-225ba613d98b', '726b7918-3aac-4f65-92ff-d2edd7bbd6fa')
INSERT dbo.[User](Id, Name, Email, PhotoUrl, FirebaseUID, Status, RoleId, StoreId) VALUES ('3d1c5555-3e10-56cf-2b8f-4d82f3a13455', N'Carmelia362', N'Johnathon_Sander@example.com', N'https://loremflickr.com/640/480/food', N'83062', 2, '17ae2be6-2c6a-5cab-3bcb-6f55ff55ddab', '48c65f94-7434-2fea-3c88-b0b9ae204823')
INSERT dbo.[User](Id, Name, Email, PhotoUrl, FirebaseUID, Status, RoleId, StoreId) VALUES ('30d623f2-31cf-5d4c-f7c3-4d1f326d5ebd', N'Ada2014', N'Geoffrey.IKnott9@example.com', N'https://loremflickr.com/640/480/food', N'72252', 1, '1863f692-73f4-472d-09d9-225ba613d98b', '741e2d8f-5b59-3993-9937-9dd9a18b459d')
INSERT dbo.[User](Id, Name, Email, PhotoUrl, FirebaseUID, Status, RoleId, StoreId) VALUES ('7de0e887-6ace-4435-1344-cfd00e0a9b3b', N'Danika2022', N'Rhea@example.com', N'https://loremflickr.com/640/480/food', N'39805', 2, '17ae2be6-2c6a-5cab-3bcb-6f55ff55ddab', '6cf1f8db-32a5-5a4f-b382-1b8b8623dfb6')
INSERT dbo.[User](Id, Name, Email, PhotoUrl, FirebaseUID, Status, RoleId, StoreId) VALUES ('5e272913-6cff-509f-d8b8-94f47731937d', N'Derick456', N'Will593@example.com', N'https://loremflickr.com/640/480/food', N'83308', 1, '17ae2be6-2c6a-5cab-3bcb-6f55ff55ddab', '611f84a1-429e-1c2d-91ff-d2edd7bbd6fa')
INSERT dbo.[User](Id, Name, Email, PhotoUrl, FirebaseUID, Status, RoleId, StoreId) VALUES ('75de26bb-5a5c-467f-2c8f-4d82f3a13455', N'Rueben2018', N'Clancy193@nowhere.com', N'https://loremflickr.com/640/480/food', N'34002', 2, '1863f692-73f4-472d-09d9-225ba613d98b', '5a3bacb6-51d5-22bb-b182-1b8b8623dfb6')
INSERT dbo.[User](Id, Name, Email, PhotoUrl, FirebaseUID, Status, RoleId, StoreId) VALUES ('749718aa-2270-77cc-1444-cfd00e0a9b3b', N'Jacinto12', N'Robbie_Abel@nowhere.com', N'https://loremflickr.com/640/480/food', N'80652', 3, '1863f692-73f4-472d-09d9-225ba613d98b', '227bb43c-1eaa-5726-b282-1b8b8623dfb6')
INSERT dbo.[User](Id, Name, Email, PhotoUrl, FirebaseUID, Status, RoleId, StoreId) VALUES ('4e3e50b0-55de-5c2f-2d8f-4d82f3a13455', N'Adan746', N'Rutherford@nowhere.com', N'https://loremflickr.com/640/480/food', N'16433', 2, '7b0e03a5-3ce2-5830-f08d-a4a9c17b3f72', '611f84a1-429e-1c2d-91ff-d2edd7bbd6fa')
INSERT dbo.[User](Id, Name, Email, PhotoUrl, FirebaseUID, Status, RoleId, StoreId) VALUES ('1e3c96c9-1471-23e0-8765-390639088226', N'Adriene156', N'Valentine.Q.Meeks@example.com', N'https://loremflickr.com/640/480/food', N'24242', 2, '17ae2be6-2c6a-5cab-3bcb-6f55ff55ddab', '741e2d8f-5b59-3993-9937-9dd9a18b459d')
INSERT dbo.[User](Id, Name, Email, PhotoUrl, FirebaseUID, Status, RoleId, StoreId) VALUES ('4b635464-5ee2-2a80-f103-13a65cc92c97', N'Buffy2007', N'Broadway@example.com', N'https://loremflickr.com/640/480/food', N'11456', 3, '17ae2be6-2c6a-5cab-3bcb-6f55ff55ddab', '741e2d8f-5b59-3993-9937-9dd9a18b459d')
INSERT dbo.[User](Id, Name, Email, PhotoUrl, FirebaseUID, Status, RoleId, StoreId) VALUES ('7ac8b8cf-6a0d-6fa3-d9b8-94f47731937d', N'Coughlin1989', N'FelicitasBowden@example.com', N'https://loremflickr.com/640/480/food', N'02053', 2, '7b0e03a5-3ce2-5830-f08d-a4a9c17b3f72', '112424cc-2810-12c6-7cb4-543cf3233de1')
INSERT dbo.[User](Id, Name, Email, PhotoUrl, FirebaseUID, Status, RoleId, StoreId) VALUES ('4e53ab23-4fbb-7431-fe4d-8601bf3d85d8', N'Isis1953', N'Denice_Reich@example.com', N'https://loremflickr.com/640/480/food', N'66975', 2, '1863f692-73f4-472d-09d9-225ba613d98b', '37f249b9-3399-5b07-7db4-543cf3233de1')
INSERT dbo.[User](Id, Name, Email, PhotoUrl, FirebaseUID, Status, RoleId, StoreId) VALUES ('694c75bd-3b3d-2034-6f1a-bb545470e80c', N'Monet1956', N'TwannaAndrus@example.com', N'https://loremflickr.com/640/480/food', N'29949', 3, '7b0e03a5-3ce2-5830-f08d-a4a9c17b3f72', '37f249b9-3399-5b07-7db4-543cf3233de1')
INSERT dbo.[User](Id, Name, Email, PhotoUrl, FirebaseUID, Status, RoleId, StoreId) VALUES ('4715a96a-6e8c-2acb-1499-04b3a3d51ef2', N'Tenesha2029', N'Violeta_Abel@example.com', N'https://loremflickr.com/640/480/food', N'23392', 2, '1863f692-73f4-472d-09d9-225ba613d98b', '726b7918-3aac-4f65-92ff-d2edd7bbd6fa')
INSERT dbo.[User](Id, Name, Email, PhotoUrl, FirebaseUID, Status, RoleId, StoreId) VALUES ('15f0f2b5-5e6d-6d8a-df78-cf6d4dd5c4a3', N'Abernathy252', N'HubertThomason@example.com', N'https://loremflickr.com/640/480/food', N'90570', 1, '1863f692-73f4-472d-09d9-225ba613d98b', '70788815-6dd2-67e4-f810-81c42d958f77')
INSERT dbo.[User](Id, Name, Email, PhotoUrl, FirebaseUID, Status, RoleId, StoreId) VALUES ('5bfe5648-65c2-7d1a-f203-13a65cc92c97', N'Shirley671', N'Frame75@nowhere.com', N'https://loremflickr.com/640/480/food', N'42735', 2, '17ae2be6-2c6a-5cab-3bcb-6f55ff55ddab', '48c65f94-7434-2fea-3c88-b0b9ae204823')
INSERT dbo.[User](Id, Name, Email, PhotoUrl, FirebaseUID, Status, RoleId, StoreId) VALUES ('15f49a4f-6117-2234-1544-cfd00e0a9b3b', N'Abbott557', N'Pritchett172@example.com', N'https://loremflickr.com/640/480/food', N'60783', 2, '1863f692-73f4-472d-09d9-225ba613d98b', '227bb43c-1eaa-5726-b282-1b8b8623dfb6')
GO

--
-- Inserting data into table dbo.Store
--
INSERT dbo.Store(Id, Name, Description, Address, ImageUrl, Status, StoreOwnerId) VALUES ('611f84a1-429e-1c2d-91ff-d2edd7bbd6fa', N'Abby1966', N'Corporis atque qui vero ea. Voluptas neque laudantium.', N'1645 West Beachwood Blvd, 2nd Floor, Boston, MA, 40710', N'https://loremflickr.com/640/480/food', 1, '15f49a4f-6117-2234-1544-cfd00e0a9b3b')
INSERT dbo.Store(Id, Name, Description, Address, ImageUrl, Status, StoreOwnerId) VALUES ('48c65f94-7434-2fea-3c88-b0b9ae204823', N'Folsom261', N'Ratione ut accusantium accusamus harum. Minima sint eius. Et dolorum nisi!', N'493 Red Hunting Hill Blvd, 2nd Floor, Boise, Idaho, 90254', N'https://loremflickr.com/640/480/food', 1, '4b635464-5ee2-2a80-f103-13a65cc92c97')
INSERT dbo.Store(Id, Name, Description, Address, ImageUrl, Status, StoreOwnerId) VALUES ('43bc1ae0-4075-2d7a-1f6d-ebb174b30257', N'Easter1964', N'Minima quia error enim ab. Officiis ipsa; magni saepe autem.', N'914 Hope Loop, Topeka, Kansas, 05736', N'https://loremflickr.com/640/480/food', 1, '76598eb0-20b1-664e-8665-390639088226')
INSERT dbo.Store(Id, Name, Description, Address, ImageUrl, Status, StoreOwnerId) VALUES ('5362287e-553d-2692-9837-9dd9a18b459d', N'Carmona618', N'Numquam nam aliquid nam ut. Omnis voluptatibus! Rerum quo; consequuntur.', N'913 Ashwood Highway, Sacramento, California, 63601', N'https://loremflickr.com/640/480/food', 1, '5bfe5648-65c2-7d1a-f203-13a65cc92c97')
INSERT dbo.Store(Id, Name, Description, Address, ImageUrl, Status, StoreOwnerId) VALUES ('5a3bacb6-51d5-22bb-b182-1b8b8623dfb6', N'Terry2007', N'Consectetur rerum doloribus error omnis.', N'21 Rose Hill Road, Nipper Bldg, Honolulu, Hawaii, 63616', N'https://loremflickr.com/640/480/food', 2, '4715a96a-6e8c-2acb-1499-04b3a3d51ef2')
INSERT dbo.Store(Id, Name, Description, Address, ImageUrl, Status, StoreOwnerId) VALUES ('112424cc-2810-12c6-7cb4-543cf3233de1', N'Zane413', N'Voluptatem recusandae sapiente beatae molestias. Eligendi repudiandae. Sed?', N'1696 Hazelwood Ave, 1st Floor, Atlanta, Georgia, 47275', N'https://loremflickr.com/640/480/food', 1, '5e272913-6cff-509f-d8b8-94f47731937d')
INSERT dbo.Store(Id, Name, Description, Address, ImageUrl, Status, StoreOwnerId) VALUES ('741e2d8f-5b59-3993-9937-9dd9a18b459d', N'Massey695', N'Voluptas voluptatem sed qui. Est perferendis magnam totam? Sit ut!', N'425 SW Fox Hill Court, Columbia, SC, 53434', N'https://loremflickr.com/640/480/food', 3, '3d1c5555-3e10-56cf-2b8f-4d82f3a13455')
INSERT dbo.Store(Id, Name, Description, Address, ImageUrl, Status, StoreOwnerId) VALUES ('223a95f8-69c3-120f-0722-6d00901b693d', N'Alston382', N'Aliquid rerum ea incidunt. Enim qui! Repellendus modi. Aut quia?', N'1825 West Prospect Hill Ln, Duke Energy Building, Montpelier, Vermont, 39256', N'https://loremflickr.com/640/480/food', 3, '6ed2e962-178c-712c-fd4d-8601bf3d85d8')
INSERT dbo.Store(Id, Name, Description, Address, ImageUrl, Status, StoreOwnerId) VALUES ('726b7918-3aac-4f65-92ff-d2edd7bbd6fa', N'Alia5', N'Ullam dolore possimus itaque aut.', N'2055 North Rock Hill Rd, Fisher Bldg, Honolulu, Hawaii, 42745', N'https://loremflickr.com/640/480/food', 1, '7ac8b8cf-6a0d-6fa3-d9b8-94f47731937d')
INSERT dbo.Store(Id, Name, Description, Address, ImageUrl, Status, StoreOwnerId) VALUES ('37f249b9-3399-5b07-7db4-543cf3233de1', N'Montez424', N'Voluptas praesentium id. Dolorum incidunt! Maxime sint. Natus et. Omnis natus.', N'17 Hidden Ski Hill Ave, Jefferson City, Missouri, 99739', N'https://loremflickr.com/640/480/food', 2, '15f0f2b5-5e6d-6d8a-df78-cf6d4dd5c4a3')
INSERT dbo.Store(Id, Name, Description, Address, ImageUrl, Status, StoreOwnerId) VALUES ('70788815-6dd2-67e4-f810-81c42d958f77', N'Ashby2002', N'Voluptates deleniti nihil aut molestiae. Cum et.', N'217 Church Blvd, 2nd FL, Bismarck, North Dakota, 94269', N'https://loremflickr.com/640/480/food', 1, '75de26bb-5a5c-467f-2c8f-4d82f3a13455')
INSERT dbo.Store(Id, Name, Description, Address, ImageUrl, Status, StoreOwnerId) VALUES ('227bb43c-1eaa-5726-b282-1b8b8623dfb6', N'Adkins1972', N'Qui aut qui; culpa corrupti est laudantium. Error in? Id minima.', N'462 Hidden Brentwood Ct, Olympia, WA, 35364', N'https://loremflickr.com/640/480/food', 1, '4e53ab23-4fbb-7431-fe4d-8601bf3d85d8')
INSERT dbo.Store(Id, Name, Description, Address, ImageUrl, Status, StoreOwnerId) VALUES ('2feb5322-5141-4fa1-9a37-9dd9a18b459d', N'Haley13', N'Itaque numquam minima iste. Est suscipit nam? Itaque eos!', N'571 Flintwood Avenue, Macy''s Building, Phoenix, AZ, 58044', N'https://loremflickr.com/640/480/food', 1, '30d623f2-31cf-5d4c-f7c3-4d1f326d5ebd')
INSERT dbo.Store(Id, Name, Description, Address, ImageUrl, Status, StoreOwnerId) VALUES ('6cf1f8db-32a5-5a4f-b382-1b8b8623dfb6', N'Pike2003', N'Praesentium quia officiis. Saepe aut facilis. Sapiente temporibus optio ullam.', N'113 W Rushwood Hwy, Columbia, SC, 62932', N'https://loremflickr.com/640/480/food', 1, '1e3c96c9-1471-23e0-8765-390639088226')
INSERT dbo.Store(Id, Name, Description, Address, ImageUrl, Status, StoreOwnerId) VALUES ('699ab6db-4553-6a93-206d-ebb174b30257', N'Abe1960', N'Hic reprehenderit. Deleniti in sed. Natus quis nostrum? Quas quod velit.', N'73 Mountain Ave, Salt Lake City, Utah, 69823', N'https://loremflickr.com/640/480/food', 3, '697be7ba-1738-6adf-298f-4d82f3a13455')
GO

--
-- Inserting data into table dbo.[Order]
--
INSERT dbo.[Order](Id, OrderDate, OrderNumber, Total, Status, CustomerId, StoreId) VALUES ('3f8e6896-4c7d-15f5-a018-75d8bd200d7c', '2023-07-27 17:32:27.9590000', N'31', 2383.95, 4, '1e3c96c9-1471-23e0-8765-390639088226', '70788815-6dd2-67e4-f810-81c42d958f77')
INSERT dbo.[Order](Id, OrderDate, OrderNumber, Total, Status, CustomerId, StoreId) VALUES ('45ac3d26-18f2-18a9-3031-644313fbb055', '2023-07-16 21:43:05.7320000', N'17', 2844.71, 2, '6ed2e962-178c-712c-fd4d-8601bf3d85d8', '6cf1f8db-32a5-5a4f-b382-1b8b8623dfb6')
INSERT dbo.[Order](Id, OrderDate, OrderNumber, Total, Status, CustomerId, StoreId) VALUES ('7c4f14d8-66fb-14ae-198f-6354f958f4c0', '2023-07-23 01:41:40.6500000', N'07', 1077.21, 2, '5ada22d3-3248-6596-6e1a-bb545470e80c', '611f84a1-429e-1c2d-91ff-d2edd7bbd6fa')
INSERT dbo.[Order](Id, OrderDate, OrderNumber, Total, Status, CustomerId, StoreId) VALUES ('78aafe4a-67a7-2076-3bf3-eb0223d0a4f7', '2023-06-17 12:43:39.0010000', N'70', 1332.86, 3, '4a0e751e-750e-45c3-de78-cf6d4dd5c4a3', '223a95f8-69c3-120f-0722-6d00901b693d')
INSERT dbo.[Order](Id, OrderDate, OrderNumber, Total, Status, CustomerId, StoreId) VALUES ('35e773ea-5d44-2dda-26a8-6d513e380bde', '2023-06-06 18:54:43.0020000', N'59', 2900.04, 1, '5bfe5648-65c2-7d1a-f203-13a65cc92c97', '2feb5322-5141-4fa1-9a37-9dd9a18b459d')
INSERT dbo.[Order](Id, OrderDate, OrderNumber, Total, Status, CustomerId, StoreId) VALUES ('647a538e-630d-39cd-0144-e5a214c15aa7', '2023-07-27 17:18:13.4290000', N'57', 1470.38, 3, '15b4ab0a-3b8f-6f6f-2a8f-4d82f3a13455', '5a3bacb6-51d5-22bb-b182-1b8b8623dfb6')
INSERT dbo.[Order](Id, OrderDate, OrderNumber, Total, Status, CustomerId, StoreId) VALUES ('75cce5a6-4f7f-3671-3cf3-eb0223d0a4f7', '2023-07-17 07:04:44.0090000', N'47', 1632.77, 3, '30d623f2-31cf-5d4c-f7c3-4d1f326d5ebd', '223a95f8-69c3-120f-0722-6d00901b693d')
INSERT dbo.[Order](Id, OrderDate, OrderNumber, Total, Status, CustomerId, StoreId) VALUES ('6f45e010-3200-5943-27a8-6d513e380bde', '2023-06-16 03:16:37.8280000', N'42', 1268.22, 1, '697be7ba-1738-6adf-298f-4d82f3a13455', '699ab6db-4553-6a93-206d-ebb174b30257')
INSERT dbo.[Order](Id, OrderDate, OrderNumber, Total, Status, CustomerId, StoreId) VALUES ('7c48a057-3c21-3db0-06a4-60fcae00630c', '2023-07-02 01:53:26.0520000', N'54', 1076.64, 1, '5ada22d3-3248-6596-6e1a-bb545470e80c', '112424cc-2810-12c6-7cb4-543cf3233de1')
INSERT dbo.[Order](Id, OrderDate, OrderNumber, Total, Status, CustomerId, StoreId) VALUES ('26fe1532-7e63-6a11-1a8f-6354f958f4c0', '2023-06-09 14:03:06.9950000', N'21', 1799.88, 5, '30d623f2-31cf-5d4c-f7c3-4d1f326d5ebd', '227bb43c-1eaa-5726-b282-1b8b8623dfb6')
INSERT dbo.[Order](Id, OrderDate, OrderNumber, Total, Status, CustomerId, StoreId) VALUES ('4b6b0258-4404-478f-18e6-e5912e63173c', '2023-07-04 22:35:07.0090000', N'26', 1917.24, 1, '5e272913-6cff-509f-d8b8-94f47731937d', '726b7918-3aac-4f65-92ff-d2edd7bbd6fa')
INSERT dbo.[Order](Id, OrderDate, OrderNumber, Total, Status, CustomerId, StoreId) VALUES ('5546e2d7-52f4-7149-3df3-eb0223d0a4f7', '2023-07-21 09:43:36.4980000', N'12', 2392.09, 3, '30d623f2-31cf-5d4c-f7c3-4d1f326d5ebd', '43bc1ae0-4075-2d7a-1f6d-ebb174b30257')
INSERT dbo.[Order](Id, OrderDate, OrderNumber, Total, Status, CustomerId, StoreId) VALUES ('3a9bddf8-45b5-74ca-3131-644313fbb055', '2023-06-03 17:14:09.6720000', N'07', 1476.25, 5, '33c6f0f4-3591-2c8e-1244-cfd00e0a9b3b', '43bc1ae0-4075-2d7a-1f6d-ebb174b30257')
INSERT dbo.[Order](Id, OrderDate, OrderNumber, Total, Status, CustomerId, StoreId) VALUES ('7c3f0380-7e8c-6885-19e6-e5912e63173c', '2023-06-27 06:37:15.8720000', N'33', 2717.3, 3, '15b4ab0a-3b8f-6f6f-2a8f-4d82f3a13455', '223a95f8-69c3-120f-0722-6d00901b693d')
INSERT dbo.[Order](Id, OrderDate, OrderNumber, Total, Status, CustomerId, StoreId) VALUES ('676a9ab6-33e3-4094-28a8-6d513e380bde', '2023-07-14 14:46:24.3390000', N'23', 1395.03, 5, '4b635464-5ee2-2a80-f103-13a65cc92c97', '741e2d8f-5b59-3993-9937-9dd9a18b459d')
INSERT dbo.[Order](Id, OrderDate, OrderNumber, Total, Status, CustomerId, StoreId) VALUES ('156b34c2-7a74-2dc8-0244-e5a214c15aa7', '2023-06-09 05:49:42.2020000', N'83', 1047.2, 3, '5ada22d3-3248-6596-6e1a-bb545470e80c', '223a95f8-69c3-120f-0722-6d00901b693d')
INSERT dbo.[Order](Id, OrderDate, OrderNumber, Total, Status, CustomerId, StoreId) VALUES ('568a5edf-15bc-7a5c-3ef3-eb0223d0a4f7', '2023-06-18 01:44:52.2660000', N'12', 1927.27, 1, '33c6f0f4-3591-2c8e-1244-cfd00e0a9b3b', '227bb43c-1eaa-5726-b282-1b8b8623dfb6')
INSERT dbo.[Order](Id, OrderDate, OrderNumber, Total, Status, CustomerId, StoreId) VALUES ('6571ec67-6ece-3667-b963-f389a2b8a695', '2023-07-18 09:55:43.5800000', N'70', 2191.51, 5, '697be7ba-1738-6adf-298f-4d82f3a13455', '70788815-6dd2-67e4-f810-81c42d958f77')
INSERT dbo.[Order](Id, OrderDate, OrderNumber, Total, Status, CustomerId, StoreId) VALUES ('58e30e45-453c-4992-a118-75d8bd200d7c', '2023-06-23 10:55:02.6970000', N'62', 1001.06, 3, '1e3c96c9-1471-23e0-8765-390639088226', '741e2d8f-5b59-3993-9937-9dd9a18b459d')
INSERT dbo.[Order](Id, OrderDate, OrderNumber, Total, Status, CustomerId, StoreId) VALUES ('4b65b71a-5f55-3f9e-29a8-6d513e380bde', '2023-07-11 02:09:53.0200000', N'22', 2555.21, 2, '3d1c5555-3e10-56cf-2b8f-4d82f3a13455', '2feb5322-5141-4fa1-9a37-9dd9a18b459d')
INSERT dbo.[Order](Id, OrderDate, OrderNumber, Total, Status, CustomerId, StoreId) VALUES ('449f4a82-5124-2847-ba63-f389a2b8a695', '2023-06-03 18:33:48.3760000', N'64', 1112.54, 3, '5e6695e2-5aad-3241-6c1a-bb545470e80c', '6cf1f8db-32a5-5a4f-b382-1b8b8623dfb6')
INSERT dbo.[Order](Id, OrderDate, OrderNumber, Total, Status, CustomerId, StoreId) VALUES ('1b9a70e0-37b0-709b-a218-75d8bd200d7c', '2023-07-09 16:58:31.6040000', N'20', 1883.39, 2, '694c75bd-3b3d-2034-6f1a-bb545470e80c', '223a95f8-69c3-120f-0722-6d00901b693d')
INSERT dbo.[Order](Id, OrderDate, OrderNumber, Total, Status, CustomerId, StoreId) VALUES ('5cbc2c4b-7d51-59ae-bb63-f389a2b8a695', '2023-06-15 03:24:43.0000000', N'14', 2482.5, 2, '5e272913-6cff-509f-d8b8-94f47731937d', '48c65f94-7434-2fea-3c88-b0b9ae204823')
INSERT dbo.[Order](Id, OrderDate, OrderNumber, Total, Status, CustomerId, StoreId) VALUES ('2b66edd0-4caa-7475-3231-644313fbb055', '2023-06-22 22:29:48.0470000', N'13', 2040.92, 3, '6207a9a7-3bf9-7288-8565-390639088226', '43bc1ae0-4075-2d7a-1f6d-ebb174b30257')
INSERT dbo.[Order](Id, OrderDate, OrderNumber, Total, Status, CustomerId, StoreId) VALUES ('3b4ce82c-1492-6844-3ff3-eb0223d0a4f7', '2023-07-18 18:27:06.0050000', N'47', 2578.56, 1, '60e226cb-63fb-4363-fc4d-8601bf3d85d8', '48c65f94-7434-2fea-3c88-b0b9ae204823')
INSERT dbo.[Order](Id, OrderDate, OrderNumber, Total, Status, CustomerId, StoreId) VALUES ('4ff476e9-6c05-11e5-2aa8-6d513e380bde', '2023-06-19 05:08:35.0650000', N'72', 1435.41, 3, '7de0e887-6ace-4435-1344-cfd00e0a9b3b', '5a3bacb6-51d5-22bb-b182-1b8b8623dfb6')
INSERT dbo.[Order](Id, OrderDate, OrderNumber, Total, Status, CustomerId, StoreId) VALUES ('536fb797-4470-4d28-1b8f-6354f958f4c0', '2023-06-27 20:50:27.5980000', N'82', 1618.72, 4, '7ac8b8cf-6a0d-6fa3-d9b8-94f47731937d', '726b7918-3aac-4f65-92ff-d2edd7bbd6fa')
INSERT dbo.[Order](Id, OrderDate, OrderNumber, Total, Status, CustomerId, StoreId) VALUES ('6824ec57-75c6-213d-1ae6-e5912e63173c', '2023-06-25 05:02:35.3010000', N'58', 2113.2, 4, '3d1c5555-3e10-56cf-2b8f-4d82f3a13455', '112424cc-2810-12c6-7cb4-543cf3233de1')
INSERT dbo.[Order](Id, OrderDate, OrderNumber, Total, Status, CustomerId, StoreId) VALUES ('41c9214e-14cd-5f4a-40f3-eb0223d0a4f7', '2023-06-03 02:46:21.0930000', N'76', 1444.96, 3, '1e3c96c9-1471-23e0-8765-390639088226', '726b7918-3aac-4f65-92ff-d2edd7bbd6fa')
INSERT dbo.[Order](Id, OrderDate, OrderNumber, Total, Status, CustomerId, StoreId) VALUES ('2e72d671-36cd-4949-2ba8-6d513e380bde', '2023-06-02 23:10:30.0170000', N'27', 2111.19, 4, '6ed2e962-178c-712c-fd4d-8601bf3d85d8', '70788815-6dd2-67e4-f810-81c42d958f77')
GO

--
-- Inserting data into table dbo.Product
--
INSERT dbo.Product(Id, Name, Description, Price, ImageUrl, CategoryId, StoreId) VALUES ('699acaa2-66da-563a-1702-ce5da15ac776', N'Supputlet', N'Magni corporis quas sit aspernatur; error nesciunt et labore ut.', 278.68, N'https://loremflickr.com/640/480/food', '4f610a3d-21c1-4b2b-c4fe-7f9a08424f7b', '699ab6db-4553-6a93-206d-ebb174b30257')
INSERT dbo.Product(Id, Name, Description, Price, ImageUrl, CategoryId, StoreId) VALUES ('2f1172a9-1b5d-6fc4-777e-3e3b283cabde', N'Transcorder', N'Doloribus est. Quidem perspiciatis consequatur sunt autem. Dolor molestiae!', 319.76, N'https://loremflickr.com/640/480/food', '297df6bd-76b4-28b9-1fb3-db767732063a', '37f249b9-3399-5b07-7db4-543cf3233de1')
INSERT dbo.Product(Id, Name, Description, Price, ImageUrl, CategoryId, StoreId) VALUES ('2f8a5a0d-54fa-587b-5676-66508ad02725', N'Refindra', N'Odio iure perspiciatis. Porro fugiat; consequuntur aut hic.', 190.52, N'https://loremflickr.com/640/480/food', '438f4bc8-43a0-3f54-e9c0-f32a102323e6', '6cf1f8db-32a5-5a4f-b382-1b8b8623dfb6')
INSERT dbo.Product(Id, Name, Description, Price, ImageUrl, CategoryId, StoreId) VALUES ('6f0fc907-5bf7-6e28-ef96-94965a4eaa62', N'Stereocyclanra', N'Rerum sit et. Veritatis dolores exercitationem alias. Ullam iste error ipsam.', 46.01, N'https://loremflickr.com/640/480/food', '112f44cf-4800-2ee8-7f5b-5b97e23db0bb', '611f84a1-429e-1c2d-91ff-d2edd7bbd6fa')
INSERT dbo.Product(Id, Name, Description, Price, ImageUrl, CategoryId, StoreId) VALUES ('5984fdaa-1e0e-68c7-3e2b-e89ea5388e0b', N'Cartcordupor', N'Ipsum dicta in non natus...', 93.57, N'https://loremflickr.com/640/480/food', '112f44cf-4800-2ee8-7f5b-5b97e23db0bb', '223a95f8-69c3-120f-0722-6d00901b693d')
INSERT dbo.Product(Id, Name, Description, Price, ImageUrl, CategoryId, StoreId) VALUES ('7e919581-5fd4-1caf-5776-66508ad02725', N'Readholder', N'Sunt voluptate magni sed dolorem.', 252.76, N'https://loremflickr.com/640/480/food', '712b2b28-7bf7-5852-4dad-bdad7b5f7d1a', '37f249b9-3399-5b07-7db4-543cf3233de1')
INSERT dbo.Product(Id, Name, Description, Price, ImageUrl, CategoryId, StoreId) VALUES ('5ebb6116-1627-3f70-0602-eefebbd653b8', N'Cablephone', N'Id est. Aperiam nostrum aliquam. Ut architecto? Facilis tempore; voluptas et.', 441.76, N'https://loremflickr.com/640/480/food', '4f98f660-3ec5-3d95-ebc0-f32a102323e6', '5362287e-553d-2692-9837-9dd9a18b459d')
INSERT dbo.Product(Id, Name, Description, Price, ImageUrl, CategoryId, StoreId) VALUES ('3a6dba26-6960-6953-d74b-16e575b61049', N'Readcessscope', N'Illum nemo veniam id explicabo; veniam itaque. Fuga tempore. Laboriosam.', 440.18, N'https://loremflickr.com/640/480/food', '43f5f8ae-4be1-6999-e049-fe4bedd9e894', '741e2d8f-5b59-3993-9937-9dd9a18b459d')
INSERT dbo.Product(Id, Name, Description, Price, ImageUrl, CategoryId, StoreId) VALUES ('751604f5-1e51-6d47-3f2b-e89ea5388e0b', N'Readmutscope', N'Qui sed qui. Omnis provident eum repellendus et! Rerum obcaecati ab.', 86.97, N'https://loremflickr.com/640/480/food', '5eb78adb-60fd-65e0-c5fe-7f9a08424f7b', '37f249b9-3399-5b07-7db4-543cf3233de1')
INSERT dbo.Product(Id, Name, Description, Price, ImageUrl, CategoryId, StoreId) VALUES ('5f0a8444-3de1-3f02-eeb6-6f4dd73eba9e', N'Tabmuter', N'Nobis et fuga amet. Excepturi laborum. Ut ullam! Sed voluptatem.', 144.32, N'https://loremflickr.com/640/480/food', '79294463-52de-35c3-3662-3ffc96c7e300', '2feb5322-5141-4fa1-9a37-9dd9a18b459d')
INSERT dbo.Product(Id, Name, Description, Price, ImageUrl, CategoryId, StoreId) VALUES ('4abdf3c0-7507-7423-304d-4c0f86f26090', N'Ampcyclentor', N'Odio necessitatibus eaque libero dolorem; culpa facere. Perspiciatis maxime;', 494.58, N'https://loremflickr.com/640/480/food', '1683e09d-7b61-426d-4fad-bdad7b5f7d1a', '227bb43c-1eaa-5726-b282-1b8b8623dfb6')
INSERT dbo.Product(Id, Name, Description, Price, ImageUrl, CategoryId, StoreId) VALUES ('228bfc03-38db-4741-f096-94965a4eaa62', N'Playplotticor', N'Perspiciatis sunt natus ipsam. Doloremque veniam aliquam. Omnis ut magnam!', 222.64, N'https://loremflickr.com/640/480/food', '414ed551-3821-5bf9-000c-72dcf4babcff', '6cf1f8db-32a5-5a4f-b382-1b8b8623dfb6')
INSERT dbo.Product(Id, Name, Description, Price, ImageUrl, CategoryId, StoreId) VALUES ('26c1e1f8-3a26-53fe-5876-66508ad02725', N'Retopar', N'Doloremque nostrum. Architecto iste molestiae at facilis! Amet architecto. Ab.', 218.43, N'https://loremflickr.com/640/480/food', '112f44cf-4800-2ee8-7f5b-5b97e23db0bb', '70788815-6dd2-67e4-f810-81c42d958f77')
INSERT dbo.Product(Id, Name, Description, Price, ImageUrl, CategoryId, StoreId) VALUES ('49bdab11-1115-7150-d84b-16e575b61049', N'Cabtellepon', N'Distinctio corporis. Quia eligendi in? Distinctio neque. Sit ut. Libero.', 37.91, N'https://loremflickr.com/640/480/food', '3cac9e93-6ba9-5ebf-1cb3-db767732063a', '43bc1ae0-4075-2d7a-1f6d-ebb174b30257')
INSERT dbo.Product(Id, Name, Description, Price, ImageUrl, CategoryId, StoreId) VALUES ('397bc919-4888-5ab2-402b-e89ea5388e0b', N'Tetinedger', N'Quisquam quibusdam unde ea. Et adipisci unde praesentium nulla! Voluptas eos.', 281.76, N'https://loremflickr.com/640/480/food', '541c96a6-4e24-27fe-6610-dde5fda516a2', '37f249b9-3399-5b07-7db4-543cf3233de1')
INSERT dbo.Product(Id, Name, Description, Price, ImageUrl, CategoryId, StoreId) VALUES ('24fee4c1-709c-79d6-1802-ce5da15ac776', N'Readniry', N'Quisquam est aut voluptates voluptas. Et eos. Est dolor? Earum qui.', 115.73, N'https://loremflickr.com/640/480/food', '309bf510-42f8-3738-ff0b-72dcf4babcff', '112424cc-2810-12c6-7cb4-543cf3233de1')
INSERT dbo.Product(Id, Name, Description, Price, ImageUrl, CategoryId, StoreId) VALUES ('244bd1b5-7428-4b87-0702-eefebbd653b8', N'Comcorder', N'Et fuga quis neque. Quos ut! Sit quod. Aspernatur ducimus;', 71.13, N'https://loremflickr.com/640/480/food', '33a81eda-5ab3-12fa-805b-5b97e23db0bb', '741e2d8f-5b59-3993-9937-9dd9a18b459d')
INSERT dbo.Product(Id, Name, Description, Price, ImageUrl, CategoryId, StoreId) VALUES ('6c4c1f9b-1644-2620-5976-66508ad02725', N'Montectinon', N'Placeat exercitationem ea sit. Quaerat animi minus! Rerum perspiciatis. Odio.', 30.38, N'https://loremflickr.com/640/480/food', '5eb78adb-60fd-65e0-c5fe-7f9a08424f7b', '5362287e-553d-2692-9837-9dd9a18b459d')
INSERT dbo.Product(Id, Name, Description, Price, ImageUrl, CategoryId, StoreId) VALUES ('481c748b-2a85-2a28-efb6-6f4dd73eba9e', N'Transceivedor', N'Deleniti ab. Sit et ipsam vitae; natus aspernatur. Quo impedit!', 170.43, N'https://loremflickr.com/640/480/food', '4f610a3d-21c1-4b2b-c4fe-7f9a08424f7b', '611f84a1-429e-1c2d-91ff-d2edd7bbd6fa')
INSERT dbo.Product(Id, Name, Description, Price, ImageUrl, CategoryId, StoreId) VALUES ('1e3453a2-3ef5-5f70-8dc9-bcec0cd444f8', N'Tweetbandridge', N'Iste qui. Laudantium ut. Cumque ipsum modi et voluptatem.', 484.55, N'https://loremflickr.com/640/480/food', '4f98f660-3ec5-3d95-ebc0-f32a102323e6', '43bc1ae0-4075-2d7a-1f6d-ebb174b30257')
INSERT dbo.Product(Id, Name, Description, Price, ImageUrl, CategoryId, StoreId) VALUES ('499200b3-46a5-60a7-f196-94965a4eaa62', N'Stereotopollar', N'Sed iste reprehenderit et. Et porro. Vero suscipit ut veniam ut. Hic eius.', 274.58, N'https://loremflickr.com/640/480/food', '73b4303a-1d86-4f9c-6710-dde5fda516a2', '43bc1ae0-4075-2d7a-1f6d-ebb174b30257')
INSERT dbo.Product(Id, Name, Description, Price, ImageUrl, CategoryId, StoreId) VALUES ('14735d5d-67ff-5dad-412b-e89ea5388e0b', N'Subleedgscope', N'Sunt molestiae. Quaerat obcaecati? Harum rerum suscipit voluptatum id. Odio!', 257.09, N'https://loremflickr.com/640/480/food', '50bc39ab-4fc6-2533-1db3-db767732063a', '70788815-6dd2-67e4-f810-81c42d958f77')
INSERT dbo.Product(Id, Name, Description, Price, ImageUrl, CategoryId, StoreId) VALUES ('1b3166b4-1301-5956-5a76-66508ad02725', N'Supceivedscope', N'Possimus ab ipsum consectetur. At quis et quia! Corrupti hic.', 65.81, N'https://loremflickr.com/640/480/food', '118f1de1-1ce0-652d-c6fe-7f9a08424f7b', '5362287e-553d-2692-9837-9dd9a18b459d')
INSERT dbo.Product(Id, Name, Description, Price, ImageUrl, CategoryId, StoreId) VALUES ('5aa02579-73ed-23cd-314d-4c0f86f26090', N'Armwoofadscope', N'Ipsam unde enim numquam recusandae. Vitae quod doloremque. Ut aliquid.', 461.39, N'https://loremflickr.com/640/480/food', '4f610a3d-21c1-4b2b-c4fe-7f9a08424f7b', '112424cc-2810-12c6-7cb4-543cf3233de1')
INSERT dbo.Product(Id, Name, Description, Price, ImageUrl, CategoryId, StoreId) VALUES ('3f22df3a-3b15-3b5a-787e-3e3b283cabde', N'Cleantinommer', N'Corporis et. Totam eum dolorem necessitatibus dolor.', 394.95, N'https://loremflickr.com/640/480/food', '4fe5ee09-2c89-580a-dc49-fe4bedd9e894', '227bb43c-1eaa-5726-b282-1b8b8623dfb6')
INSERT dbo.Product(Id, Name, Description, Price, ImageUrl, CategoryId, StoreId) VALUES ('669afd3f-720a-6e34-1902-ce5da15ac776', N'Tebandleter', N'Atque eius veritatis. Qui quia? Obcaecati voluptates.', 77.96, N'https://loremflickr.com/640/480/food', '43f5f8ae-4be1-6999-e049-fe4bedd9e894', '227bb43c-1eaa-5726-b282-1b8b8623dfb6')
INSERT dbo.Product(Id, Name, Description, Price, ImageUrl, CategoryId, StoreId) VALUES ('5f00c41b-39dc-51ee-0802-eefebbd653b8', N'Miclifira', N'Delectus error deserunt obcaecati. Error ut! Ad et? Corrupti dolorum.', 399.81, N'https://loremflickr.com/640/480/food', '1683e09d-7b61-426d-4fad-bdad7b5f7d1a', '5362287e-553d-2692-9837-9dd9a18b459d')
INSERT dbo.Product(Id, Name, Description, Price, ImageUrl, CategoryId, StoreId) VALUES ('336d8f99-255d-646e-f0b6-6f4dd73eba9e', N'Tweetmutedger', N'Veritatis nostrum. Accusamus incidunt qui; suscipit nihil. Dolorem aut! Sit.', 107.05, N'https://loremflickr.com/640/480/food', '2e27c476-1dcf-3993-de49-fe4bedd9e894', '48c65f94-7434-2fea-3c88-b0b9ae204823')
INSERT dbo.Product(Id, Name, Description, Price, ImageUrl, CategoryId, StoreId) VALUES ('66a18612-296a-25b0-d94b-16e575b61049', N'Transculer', N'Sed quis. Alias aut explicabo. Minus laboriosam nemo excepturi blanditiis.', 108.39, N'https://loremflickr.com/640/480/food', '15874594-2513-27dc-3562-3ffc96c7e300', '112424cc-2810-12c6-7cb4-543cf3233de1')
INSERT dbo.Product(Id, Name, Description, Price, ImageUrl, CategoryId, StoreId) VALUES ('7a311573-456f-56e3-0902-eefebbd653b8', N'Submuteder', N'Maxime quis soluta; ut unde architecto autem sequi. Exercitationem aut.', 477.44, N'https://loremflickr.com/640/480/food', '1683e09d-7b61-426d-4fad-bdad7b5f7d1a', '70788815-6dd2-67e4-f810-81c42d958f77')
INSERT dbo.Product(Id, Name, Description, Price, ImageUrl, CategoryId, StoreId) VALUES ('1a361dba-2edd-6ebd-324d-4c0f86f26090', N'Charceivridge', N'Excepturi voluptatem id aut mollitia. Iusto architecto. Minus et. Asperiores.', 260.21, N'https://loremflickr.com/640/480/food', '438f4bc8-43a0-3f54-e9c0-f32a102323e6', '227bb43c-1eaa-5726-b282-1b8b8623dfb6')
INSERT dbo.Product(Id, Name, Description, Price, ImageUrl, CategoryId, StoreId) VALUES ('36ce1756-1d21-7373-f1b6-6f4dd73eba9e', N'Tecordor', N'Laudantium quod deserunt incidunt sunt.', 376.47, N'https://loremflickr.com/640/480/food', '309bf510-42f8-3738-ff0b-72dcf4babcff', '48c65f94-7434-2fea-3c88-b0b9ae204823')
INSERT dbo.Product(Id, Name, Description, Price, ImageUrl, CategoryId, StoreId) VALUES ('284445b2-65be-4f66-422b-e89ea5388e0b', N'Cartfindfiscope', N'Eos veritatis iusto unde error.', 341.27, N'https://loremflickr.com/640/480/food', '1683e09d-7b61-426d-4fad-bdad7b5f7d1a', '5a3bacb6-51d5-22bb-b182-1b8b8623dfb6')
INSERT dbo.Product(Id, Name, Description, Price, ImageUrl, CategoryId, StoreId) VALUES ('4f7021f5-7800-11be-0a02-eefebbd653b8', N'Cartlifier', N'Perspiciatis quia necessitatibus eius. Ut culpa et nobis voluptatem. Tempore?', 121.93, N'https://loremflickr.com/640/480/food', '52fc3a07-2372-59a0-eec0-f32a102323e6', '741e2d8f-5b59-3993-9937-9dd9a18b459d')
INSERT dbo.Product(Id, Name, Description, Price, ImageUrl, CategoryId, StoreId) VALUES ('43624c49-472d-4810-f296-94965a4eaa62', N'Sublictor', N'Eos sunt. Quis voluptate qui saepe dicta! Ut quos.', 270.55, N'https://loremflickr.com/640/480/food', '456472c5-1dea-46c7-ecc0-f32a102323e6', '48c65f94-7434-2fea-3c88-b0b9ae204823')
INSERT dbo.Product(Id, Name, Description, Price, ImageUrl, CategoryId, StoreId) VALUES ('36460dcf-323b-1391-8ec9-bcec0cd444f8', N'Speakceivaqury', N'Possimus quisquam perspiciatis tenetur est. Et quia. Quae voluptatem! Quia.', 42.16, N'https://loremflickr.com/640/480/food', '52fc3a07-2372-59a0-eec0-f32a102323e6', '223a95f8-69c3-120f-0722-6d00901b693d')
INSERT dbo.Product(Id, Name, Description, Price, ImageUrl, CategoryId, StoreId) VALUES ('69619ef2-1249-20fa-797e-3e3b283cabde', N'Concyclicon', N'Molestias error similique. Recusandae officiis ut omnis. Praesentium numquam.', 52.14, N'https://loremflickr.com/640/480/food', '309bf510-42f8-3738-ff0b-72dcf4babcff', '5a3bacb6-51d5-22bb-b182-1b8b8623dfb6')
INSERT dbo.Product(Id, Name, Description, Price, ImageUrl, CategoryId, StoreId) VALUES ('61e25755-3de1-1adf-8fc9-bcec0cd444f8', N'Tabholdiner', N'Maxime voluptatem nulla voluptatibus voluptas. Officiis eos! Est facilis.', 97.51, N'https://loremflickr.com/640/480/food', '2e27c476-1dcf-3993-de49-fe4bedd9e894', '37f249b9-3399-5b07-7db4-543cf3233de1')
INSERT dbo.Product(Id, Name, Description, Price, ImageUrl, CategoryId, StoreId) VALUES ('1259a17c-69e8-7a1c-da4b-16e575b61049', N'Miclifiadar', N'Obcaecati ut dolorum dicta. Debitis voluptatem. Perspiciatis natus qui quia.', 487.13, N'https://loremflickr.com/640/480/food', '224fc5d2-714a-601d-edc0-f32a102323e6', '6cf1f8db-32a5-5a4f-b382-1b8b8623dfb6')
INSERT dbo.Product(Id, Name, Description, Price, ImageUrl, CategoryId, StoreId) VALUES ('7959e1dd-2e0b-4306-7a7e-3e3b283cabde', N'Supwoofor', N'Veritatis sed numquam ad non.', 46.37, N'https://loremflickr.com/640/480/food', '16bb069f-67fe-5bc7-815b-5b97e23db0bb', '2feb5322-5141-4fa1-9a37-9dd9a18b459d')
INSERT dbo.Product(Id, Name, Description, Price, ImageUrl, CategoryId, StoreId) VALUES ('36a4260a-7f6c-2ec6-f2b6-6f4dd73eba9e', N'Biholdadator', N'Voluptas voluptate. Unde quia aut. Expedita sint. Velit ex! Dolores.', 346.84, N'https://loremflickr.com/640/480/food', '7ff9041f-3bbc-63a0-df49-fe4bedd9e894', '5a3bacb6-51d5-22bb-b182-1b8b8623dfb6')
INSERT dbo.Product(Id, Name, Description, Price, ImageUrl, CategoryId, StoreId) VALUES ('5e306560-6b07-2cdf-5b76-66508ad02725', N'Complottopor', N'Alias deleniti sit culpa et. Vero nihil. Esse necessitatibus. Eius mollitia...', 289.93, N'https://loremflickr.com/640/480/food', '280ee33d-11cf-7121-4ead-bdad7b5f7d1a', '726b7918-3aac-4f65-92ff-d2edd7bbd6fa')
INSERT dbo.Product(Id, Name, Description, Price, ImageUrl, CategoryId, StoreId) VALUES ('1a591774-4565-7236-90c9-bcec0cd444f8', N'Compickscope', N'Distinctio nam sed. Ut et doloribus assumenda rem.', 431.84, N'https://loremflickr.com/640/480/food', '43f5f8ae-4be1-6999-e049-fe4bedd9e894', '611f84a1-429e-1c2d-91ff-d2edd7bbd6fa')
INSERT dbo.Product(Id, Name, Description, Price, ImageUrl, CategoryId, StoreId) VALUES ('66b0e9ee-53c2-4a98-432b-e89ea5388e0b', N'Cleancordphone', N'Quam officia minima laboriosam. Sed qui excepturi; nihil voluptatem.', 144.39, N'https://loremflickr.com/640/480/food', '3cac9e93-6ba9-5ebf-1cb3-db767732063a', '741e2d8f-5b59-3993-9937-9dd9a18b459d')
INSERT dbo.Product(Id, Name, Description, Price, ImageUrl, CategoryId, StoreId) VALUES ('51d8cc33-7be1-161f-f396-94965a4eaa62', N'Micholdlet', N'Ut qui sed. Consectetur ab veritatis. Et nemo et molestiae!', 20.72, N'https://loremflickr.com/640/480/food', '33a81eda-5ab3-12fa-805b-5b97e23db0bb', '5362287e-553d-2692-9837-9dd9a18b459d')
INSERT dbo.Product(Id, Name, Description, Price, ImageUrl, CategoryId, StoreId) VALUES ('1257615f-5ea8-6cd9-0b02-eefebbd653b8', N'Concyclonra', N'In earum nemo numquam repudiandae.', 104.86, N'https://loremflickr.com/640/480/food', '280ee33d-11cf-7121-4ead-bdad7b5f7d1a', '726b7918-3aac-4f65-92ff-d2edd7bbd6fa')
INSERT dbo.Product(Id, Name, Description, Price, ImageUrl, CategoryId, StoreId) VALUES ('37e456ed-14a3-6717-f3b6-6f4dd73eba9e', N'Charlififiar', N'Autem et nihil eaque quo. Ab quia; enim neque. Quaerat qui.', 97.86, N'https://loremflickr.com/640/480/food', '309bf510-42f8-3738-ff0b-72dcf4babcff', '5362287e-553d-2692-9837-9dd9a18b459d')
INSERT dbo.Product(Id, Name, Description, Price, ImageUrl, CategoryId, StoreId) VALUES ('202cad24-4598-16cf-1a02-ce5da15ac776', N'Transtopfier', N'Quia voluptatum aut sint omnis...', 415.31, N'https://loremflickr.com/640/480/food', '112f44cf-4800-2ee8-7f5b-5b97e23db0bb', '5a3bacb6-51d5-22bb-b182-1b8b8623dfb6')
INSERT dbo.Product(Id, Name, Description, Price, ImageUrl, CategoryId, StoreId) VALUES ('58fc185f-1925-3117-334d-4c0f86f26090', N'Bitaonridge', N'Consequatur dolores ut voluptatem obcaecati.', 92.33, N'https://loremflickr.com/640/480/food', '112f44cf-4800-2ee8-7f5b-5b97e23db0bb', '48c65f94-7434-2fea-3c88-b0b9ae204823')
INSERT dbo.Product(Id, Name, Description, Price, ImageUrl, CategoryId, StoreId) VALUES ('2dc6dc0b-307b-3bde-5c76-66508ad02725', N'Tabmutgaator', N'Porro aliquam. Omnis dolorem necessitatibus. Possimus qui ducimus dicta;', 332.93, N'https://loremflickr.com/640/480/food', '456472c5-1dea-46c7-ecc0-f32a102323e6', '43bc1ae0-4075-2d7a-1f6d-ebb174b30257')
GO

--
-- Inserting data into table dbo.Inventory
--
INSERT dbo.Inventory(Id, Quantity, LastUpdated, ProductId) VALUES ('3e39129b-279f-623f-88ea-778aee59fea3', 25, '2023-05-05 05:53:07.4100000', '1257615f-5ea8-6cd9-0b02-eefebbd653b8')
INSERT dbo.Inventory(Id, Quantity, LastUpdated, ProductId) VALUES ('30007451-29ff-4fe4-3707-70859f4ff30d', 84, '2023-06-01 08:02:16.1120000', '5984fdaa-1e0e-68c7-3e2b-e89ea5388e0b')
INSERT dbo.Inventory(Id, Quantity, LastUpdated, ProductId) VALUES ('6528b15d-6674-724f-79a4-4b24de418577', 70, '2023-05-01 23:49:37.0920000', '2dc6dc0b-307b-3bde-5c76-66508ad02725')
INSERT dbo.Inventory(Id, Quantity, LastUpdated, ProductId) VALUES ('27f91d6c-14b1-6c74-92ef-c9d5c2d91e91', 2, '2023-06-12 21:24:32.1810000', '69619ef2-1249-20fa-797e-3e3b283cabde')
INSERT dbo.Inventory(Id, Quantity, LastUpdated, ProductId) VALUES ('34e2b4cc-3758-293d-7aa4-4b24de418577', 5, '2023-05-09 12:26:52.2990000', '26c1e1f8-3a26-53fe-5876-66508ad02725')
INSERT dbo.Inventory(Id, Quantity, LastUpdated, ProductId) VALUES ('2000637a-2a69-2e7e-a135-f63bd3f197bd', 17, '2023-05-30 15:10:56.3270000', '1a361dba-2edd-6ebd-324d-4c0f86f26090')
INSERT dbo.Inventory(Id, Quantity, LastUpdated, ProductId) VALUES ('2cae53dc-6c39-2a1e-4df6-9777a5de214b', 70, '2023-06-24 03:55:56.8160000', '669afd3f-720a-6e34-1902-ce5da15ac776')
INSERT dbo.Inventory(Id, Quantity, LastUpdated, ProductId) VALUES ('309d2263-2362-1f28-93ef-c9d5c2d91e91', 32, '2023-05-06 14:57:42.5980000', '1a591774-4565-7236-90c9-bcec0cd444f8')
INSERT dbo.Inventory(Id, Quantity, LastUpdated, ProductId) VALUES ('529ef8c0-4625-74c5-7ba4-4b24de418577', 72, '2023-06-22 05:19:38.1880000', '481c748b-2a85-2a28-efb6-6f4dd73eba9e')
INSERT dbo.Inventory(Id, Quantity, LastUpdated, ProductId) VALUES ('11131843-6f2a-7a2b-5052-ee3684e78c27', 64, '2023-07-04 11:40:24.7920000', '58fc185f-1925-3117-334d-4c0f86f26090')
INSERT dbo.Inventory(Id, Quantity, LastUpdated, ProductId) VALUES ('57c4d997-7a97-5cf3-94ef-c9d5c2d91e91', 98, '2023-05-06 13:22:17.0400000', '37e456ed-14a3-6717-f3b6-6f4dd73eba9e')
INSERT dbo.Inventory(Id, Quantity, LastUpdated, ProductId) VALUES ('191b53ff-4a53-52aa-6641-16298a76bb64', 24, '2023-05-23 09:21:16.9870000', '4abdf3c0-7507-7423-304d-4c0f86f26090')
INSERT dbo.Inventory(Id, Quantity, LastUpdated, ProductId) VALUES ('5c987ea5-6255-29be-49ee-40eadd5993d6', 93, '2023-06-14 01:35:59.5440000', '36ce1756-1d21-7373-f1b6-6f4dd73eba9e')
INSERT dbo.Inventory(Id, Quantity, LastUpdated, ProductId) VALUES ('28e5fb2c-277e-7ba7-89ea-778aee59fea3', 74, '2023-06-11 18:01:14.8720000', '5f00c41b-39dc-51ee-0802-eefebbd653b8')
INSERT dbo.Inventory(Id, Quantity, LastUpdated, ProductId) VALUES ('5d571807-5b04-119e-3807-70859f4ff30d', 49, '2023-06-20 18:34:02.0030000', '49bdab11-1115-7150-d84b-16e575b61049')
INSERT dbo.Inventory(Id, Quantity, LastUpdated, ProductId) VALUES ('67ac0252-58aa-72c8-4ef6-9777a5de214b', 33, '2023-05-01 07:18:24.2110000', '1e3453a2-3ef5-5f70-8dc9-bcec0cd444f8')
INSERT dbo.Inventory(Id, Quantity, LastUpdated, ProductId) VALUES ('610e08c4-5baf-708b-5f39-bf9bc2f12cf0', 20, '2023-05-28 16:06:48.1570000', '51d8cc33-7be1-161f-f396-94965a4eaa62')
INSERT dbo.Inventory(Id, Quantity, LastUpdated, ProductId) VALUES ('2f26fe39-4c98-690e-a235-f63bd3f197bd', 26, '2023-05-16 19:52:58.4900000', '397bc919-4888-5ab2-402b-e89ea5388e0b')
INSERT dbo.Inventory(Id, Quantity, LastUpdated, ProductId) VALUES ('429ce6a6-62b9-6ad6-8aea-778aee59fea3', 41, '2023-05-02 01:36:55.4400000', '499200b3-46a5-60a7-f196-94965a4eaa62')
INSERT dbo.Inventory(Id, Quantity, LastUpdated, ProductId) VALUES ('580aecdb-127b-39e1-6741-16298a76bb64', 40, '2023-05-21 02:36:40.5920000', '61e25755-3de1-1adf-8fc9-bcec0cd444f8')
INSERT dbo.Inventory(Id, Quantity, LastUpdated, ProductId) VALUES ('46fa175f-5fa8-7749-a335-f63bd3f197bd', 37, '2023-05-12 02:39:08.9560000', '7e919581-5fd4-1caf-5776-66508ad02725')
INSERT dbo.Inventory(Id, Quantity, LastUpdated, ProductId) VALUES ('1a29883a-617d-6e80-7ca4-4b24de418577', 95, '2023-06-24 04:15:33.0000000', '66b0e9ee-53c2-4a98-432b-e89ea5388e0b')
INSERT dbo.Inventory(Id, Quantity, LastUpdated, ProductId) VALUES ('28b1a496-46f5-3b69-4ff6-9777a5de214b', 74, '2023-06-14 17:08:44.0870000', '1259a17c-69e8-7a1c-da4b-16e575b61049')
INSERT dbo.Inventory(Id, Quantity, LastUpdated, ProductId) VALUES ('366e1ce9-5d37-5aad-5152-ee3684e78c27', 90, '2023-07-03 08:03:45.1300000', '699acaa2-66da-563a-1702-ce5da15ac776')
INSERT dbo.Inventory(Id, Quantity, LastUpdated, ProductId) VALUES ('59deeb64-4299-286e-8bea-778aee59fea3', 63, '2023-06-30 00:04:19.0060000', '284445b2-65be-4f66-422b-e89ea5388e0b')
INSERT dbo.Inventory(Id, Quantity, LastUpdated, ProductId) VALUES ('134d2384-5136-14b7-3907-70859f4ff30d', 45, '2023-06-17 02:20:34.4360000', '4f7021f5-7800-11be-0a02-eefebbd653b8')
INSERT dbo.Inventory(Id, Quantity, LastUpdated, ProductId) VALUES ('398a3f9b-4b3b-27cb-95ef-c9d5c2d91e91', 56, '2023-05-21 21:16:55.8350000', '336d8f99-255d-646e-f0b6-6f4dd73eba9e')
INSERT dbo.Inventory(Id, Quantity, LastUpdated, ProductId) VALUES ('7afa340c-29d9-2846-7da4-4b24de418577', 66, '2023-05-02 14:42:22.6010000', '202cad24-4598-16cf-1a02-ce5da15ac776')
INSERT dbo.Inventory(Id, Quantity, LastUpdated, ProductId) VALUES ('1d48f0b6-7684-29f4-4aee-40eadd5993d6', 42, '2023-05-22 19:20:02.0970000', '5ebb6116-1627-3f70-0602-eefebbd653b8')
INSERT dbo.Inventory(Id, Quantity, LastUpdated, ProductId) VALUES ('7020d495-4bd6-4097-6039-bf9bc2f12cf0', 44, '2023-07-02 00:36:11.0040000', '1b3166b4-1301-5956-5a76-66508ad02725')
INSERT dbo.Inventory(Id, Quantity, LastUpdated, ProductId) VALUES ('52538abf-7ce7-42f6-6841-16298a76bb64', 34, '2023-06-04 03:15:29.4220000', '24fee4c1-709c-79d6-1802-ce5da15ac776')
INSERT dbo.Inventory(Id, Quantity, LastUpdated, ProductId) VALUES ('6898dca0-5b94-15b1-4bee-40eadd5993d6', 52, '2023-06-19 18:07:10.3710000', '2f1172a9-1b5d-6fc4-777e-3e3b283cabde')
INSERT dbo.Inventory(Id, Quantity, LastUpdated, ProductId) VALUES ('652eb931-75d6-5411-a435-f63bd3f197bd', 70, '2023-05-19 23:47:55.3700000', '14735d5d-67ff-5dad-412b-e89ea5388e0b')
INSERT dbo.Inventory(Id, Quantity, LastUpdated, ProductId) VALUES ('43237e77-4d66-1f43-8cea-778aee59fea3', 36, '2023-06-29 10:09:17.4690000', '244bd1b5-7428-4b87-0702-eefebbd653b8')
INSERT dbo.Inventory(Id, Quantity, LastUpdated, ProductId) VALUES ('6fa4b5ef-3555-5ad5-96ef-c9d5c2d91e91', 81, '2023-06-14 13:40:28.1910000', '228bfc03-38db-4741-f096-94965a4eaa62')
INSERT dbo.Inventory(Id, Quantity, LastUpdated, ProductId) VALUES ('7ce0344e-4056-1111-50f6-9777a5de214b', 43, '2023-07-02 23:54:08.9120000', '6c4c1f9b-1644-2620-5976-66508ad02725')
INSERT dbo.Inventory(Id, Quantity, LastUpdated, ProductId) VALUES ('32faea28-6190-63e6-a535-f63bd3f197bd', 96, '2023-06-15 22:47:46.5920000', '7959e1dd-2e0b-4306-7a7e-3e3b283cabde')
INSERT dbo.Inventory(Id, Quantity, LastUpdated, ProductId) VALUES ('471b1cba-3520-42cc-5252-ee3684e78c27', 46, '2023-05-22 16:35:44.9270000', '66a18612-296a-25b0-d94b-16e575b61049')
INSERT dbo.Inventory(Id, Quantity, LastUpdated, ProductId) VALUES ('4cb9a854-3c3c-142a-8dea-778aee59fea3', 93, '2023-06-30 02:52:29.9600000', '43624c49-472d-4810-f296-94965a4eaa62')
INSERT dbo.Inventory(Id, Quantity, LastUpdated, ProductId) VALUES ('57c8445b-1efd-7040-6941-16298a76bb64', 60, '2023-06-29 08:42:01.4030000', '5aa02579-73ed-23cd-314d-4c0f86f26090')
INSERT dbo.Inventory(Id, Quantity, LastUpdated, ProductId) VALUES ('42e8a1e0-70da-14a6-6139-bf9bc2f12cf0', 24, '2023-05-18 10:07:24.4030000', '36a4260a-7f6c-2ec6-f2b6-6f4dd73eba9e')
INSERT dbo.Inventory(Id, Quantity, LastUpdated, ProductId) VALUES ('3d07af6a-1a69-3f26-51f6-9777a5de214b', 4, '2023-05-10 12:18:42.8470000', '3a6dba26-6960-6953-d74b-16e575b61049')
INSERT dbo.Inventory(Id, Quantity, LastUpdated, ProductId) VALUES ('6e76a6f4-3d99-582b-7ea4-4b24de418577', 12, '2023-07-04 20:55:53.7650000', '36460dcf-323b-1391-8ec9-bcec0cd444f8')
INSERT dbo.Inventory(Id, Quantity, LastUpdated, ProductId) VALUES ('13a5d383-769f-5003-3a07-70859f4ff30d', 33, '2023-05-02 09:37:26.3920000', '2f8a5a0d-54fa-587b-5676-66508ad02725')
INSERT dbo.Inventory(Id, Quantity, LastUpdated, ProductId) VALUES ('2ad9c7a4-14f0-5ff3-97ef-c9d5c2d91e91', 1, '2023-07-02 03:43:52.9190000', '751604f5-1e51-6d47-3f2b-e89ea5388e0b')
INSERT dbo.Inventory(Id, Quantity, LastUpdated, ProductId) VALUES ('779579c4-5994-254b-7fa4-4b24de418577', 73, '2023-06-04 11:47:38.7900000', '5e306560-6b07-2cdf-5b76-66508ad02725')
INSERT dbo.Inventory(Id, Quantity, LastUpdated, ProductId) VALUES ('1fa5fe24-74ef-4964-4cee-40eadd5993d6', 43, '2023-05-06 20:33:12.0050000', '7a311573-456f-56e3-0902-eefebbd653b8')
INSERT dbo.Inventory(Id, Quantity, LastUpdated, ProductId) VALUES ('2b39c2a6-5c06-23f5-a635-f63bd3f197bd', 16, '2023-06-19 13:05:47.5400000', '6f0fc907-5bf7-6e28-ef96-94965a4eaa62')
INSERT dbo.Inventory(Id, Quantity, LastUpdated, ProductId) VALUES ('5366e0e7-43d7-66ed-6239-bf9bc2f12cf0', 51, '2023-06-11 17:20:13.6870000', '5f0a8444-3de1-3f02-eeb6-6f4dd73eba9e')
INSERT dbo.Inventory(Id, Quantity, LastUpdated, ProductId) VALUES ('1b59f90d-1944-1898-4dee-40eadd5993d6', 7, '2023-07-03 12:11:27.0490000', '3f22df3a-3b15-3b5a-787e-3e3b283cabde')
GO

--
-- Inserting data into table dbo.OrderDetail
--
INSERT dbo.OrderDetail(Id, Quantity, Price, ProductName, OrderId, ProductId) VALUES ('26021185-77af-263c-842a-acc8fc2f00af', 3, 1885.44, N'7D4FA-7F26F-14ERB-4K9K3-GR9BV', '3a9bddf8-45b5-74ca-3131-644313fbb055', '284445b2-65be-4f66-422b-e89ea5388e0b')
INSERT dbo.OrderDetail(Id, Quantity, Price, ProductName, OrderId, ProductId) VALUES ('6118a7ff-742b-25db-a9c1-8e252c39bb73', 8, 2180.94, N'EIXU1-ALCWW-1ZQI6-L08K2-B1330', '5cbc2c4b-7d51-59ae-bb63-f389a2b8a695', '6c4c1f9b-1644-2620-5976-66508ad02725')
INSERT dbo.OrderDetail(Id, Quantity, Price, ProductName, OrderId, ProductId) VALUES ('2b031b59-5276-589c-9d75-2a7ae1c799c8', 10, 2993.68, N'7OP86-32156-6FBGB-IQ0ZN-8ODK4', '3a9bddf8-45b5-74ca-3131-644313fbb055', '7959e1dd-2e0b-4306-7a7e-3e3b283cabde')
INSERT dbo.OrderDetail(Id, Quantity, Price, ProductName, OrderId, ProductId) VALUES ('427b1814-60ed-47cf-edb5-aae5d250830a', 10, 2186.95, N'3G048-VLA9O-9Q7A0-7F5K7-08AW6', '58e30e45-453c-4992-a118-75d8bd200d7c', '397bc919-4888-5ab2-402b-e89ea5388e0b')
INSERT dbo.OrderDetail(Id, Quantity, Price, ProductName, OrderId, ProductId) VALUES ('369e22f6-221c-56bd-852a-acc8fc2f00af', 3, 1275.28, N'AIDEU-L7OV7-M94ZT-JGI8D-8XR9P', '6571ec67-6ece-3667-b963-f389a2b8a695', '336d8f99-255d-646e-f0b6-6f4dd73eba9e')
INSERT dbo.OrderDetail(Id, Quantity, Price, ProductName, OrderId, ProductId) VALUES ('65fbd1c8-561c-547f-2ade-835209209de0', 15, 2488.29, N'57I69-99340-THC0N-ZMW7U-G0Q7Z', '6824ec57-75c6-213d-1ae6-e5912e63173c', '7e919581-5fd4-1caf-5776-66508ad02725')
INSERT dbo.OrderDetail(Id, Quantity, Price, ProductName, OrderId, ProductId) VALUES ('1c40c330-4ddd-3094-c20c-0dd710d1548d', 2, 2093.12, N'N1OQB-HAJ47-210K2-5PR9S-Y820V', '6571ec67-6ece-3667-b963-f389a2b8a695', '1259a17c-69e8-7a1c-da4b-16e575b61049')
INSERT dbo.OrderDetail(Id, Quantity, Price, ProductName, OrderId, ProductId) VALUES ('5712bbe2-5d36-269a-4029-0204eeb736fa', 16, 2388.37, N'YEXP7-VV706-Q0238-KS5J3-42GUB', '647a538e-630d-39cd-0144-e5a214c15aa7', '5f00c41b-39dc-51ee-0802-eefebbd653b8')
INSERT dbo.OrderDetail(Id, Quantity, Price, ProductName, OrderId, ProductId) VALUES ('799e147a-7a5f-1fce-0601-2997b7e81c24', 18, 2356.9, N'5PE6R-ISR44-8M7T3-3M2CH-VK5X8', '6f45e010-3200-5943-27a8-6d513e380bde', '58fc185f-1925-3117-334d-4c0f86f26090')
INSERT dbo.OrderDetail(Id, Quantity, Price, ProductName, OrderId, ProductId) VALUES ('6ed4c996-741b-3446-eeb5-aae5d250830a', 19, 1124.6, N'1E282-ALQ92-4K9T7-P2894-3D146', '4b6b0258-4404-478f-18e6-e5912e63173c', '69619ef2-1249-20fa-797e-3e3b283cabde')
INSERT dbo.OrderDetail(Id, Quantity, Price, ProductName, OrderId, ProductId) VALUES ('61cc038b-3ccf-196d-2bde-835209209de0', 6, 1515.54, N'4564J-WL9ML-RO6B2-VX616-69PT4', '568a5edf-15bc-7a5c-3ef3-eb0223d0a4f7', '1e3453a2-3ef5-5f70-8dc9-bcec0cd444f8')
INSERT dbo.OrderDetail(Id, Quantity, Price, ProductName, OrderId, ProductId) VALUES ('537f1d22-1428-3a5a-0701-2997b7e81c24', 10, 1742.15, N'RFRU2-M2EE1-Z7KN1-6GEV0-I7BNA', '2e72d671-36cd-4949-2ba8-6d513e380bde', '2f8a5a0d-54fa-587b-5676-66508ad02725')
INSERT dbo.OrderDetail(Id, Quantity, Price, ProductName, OrderId, ProductId) VALUES ('50a57f9b-5cd0-4e34-4129-0204eeb736fa', 16, 2612.91, N'44I9M-007TJ-4NR1J-FN271-8CP9L', '5546e2d7-52f4-7149-3df3-eb0223d0a4f7', '5ebb6116-1627-3f70-0602-eefebbd653b8')
INSERT dbo.OrderDetail(Id, Quantity, Price, ProductName, OrderId, ProductId) VALUES ('3084625b-7b81-5184-9e75-2a7ae1c799c8', 2, 1598.11, N'75VW0-77GO5-OEC99-W1A3T-8QI3E', '6571ec67-6ece-3667-b963-f389a2b8a695', '61e25755-3de1-1adf-8fc9-bcec0cd444f8')
INSERT dbo.OrderDetail(Id, Quantity, Price, ProductName, OrderId, ProductId) VALUES ('19410667-2b94-5075-9a99-4d3edfe18939', 3, 1978.3, N'S1DMG-9Q40Q-74NG9-01Y14-Q6I49', '4b65b71a-5f55-3f9e-29a8-6d513e380bde', '36a4260a-7f6c-2ec6-f2b6-6f4dd73eba9e')
INSERT dbo.OrderDetail(Id, Quantity, Price, ProductName, OrderId, ProductId) VALUES ('4c06e440-6942-4221-b3e4-cbefc3792353', 15, 1124.26, N'7L8WS-88LVX-P083R-510KN-1FR4L', '75cce5a6-4f7f-3671-3cf3-eb0223d0a4f7', '26c1e1f8-3a26-53fe-5876-66508ad02725')
INSERT dbo.OrderDetail(Id, Quantity, Price, ProductName, OrderId, ProductId) VALUES ('42d62f66-610e-1f31-2cde-835209209de0', 9, 1031.95, N'7D39H-70DN5-R71EW-E0P4I-R79R5', '7c4f14d8-66fb-14ae-198f-6354f958f4c0', '397bc919-4888-5ab2-402b-e89ea5388e0b')
INSERT dbo.OrderDetail(Id, Quantity, Price, ProductName, OrderId, ProductId) VALUES ('2c5d5b86-3963-7786-aac1-8e252c39bb73', 9, 1752.6, N'SP54V-D3000-XZJQO-V8J48-PSW71', '2b66edd0-4caa-7475-3231-644313fbb055', '5aa02579-73ed-23cd-314d-4c0f86f26090')
INSERT dbo.OrderDetail(Id, Quantity, Price, ProductName, OrderId, ProductId) VALUES ('1f3754af-7196-5287-efb5-aae5d250830a', 15, 1733.95, N'YB7FO-HY7IO-12082-67V01-8KY9X', '7c4f14d8-66fb-14ae-198f-6354f958f4c0', '336d8f99-255d-646e-f0b6-6f4dd73eba9e')
INSERT dbo.OrderDetail(Id, Quantity, Price, ProductName, OrderId, ProductId) VALUES ('3ac07f71-2a4f-7b22-0801-2997b7e81c24', 16, 2478.33, N'VNT5W-TV9H7-29C00-C8432-XHYVS', '1b9a70e0-37b0-709b-a218-75d8bd200d7c', '6c4c1f9b-1644-2620-5976-66508ad02725')
INSERT dbo.OrderDetail(Id, Quantity, Price, ProductName, OrderId, ProductId) VALUES ('417ca6e2-1840-20f2-862a-acc8fc2f00af', 6, 2092.13, N'BDP41-ZP3N7-7NUFE-9R1C3-7ZJA8', '6571ec67-6ece-3667-b963-f389a2b8a695', '7e919581-5fd4-1caf-5776-66508ad02725')
INSERT dbo.OrderDetail(Id, Quantity, Price, ProductName, OrderId, ProductId) VALUES ('18866bec-1af3-5d61-9f75-2a7ae1c799c8', 15, 1121.98, N'800U9-KN10O-HX64J-2OV27-I5I2I', '6571ec67-6ece-3667-b963-f389a2b8a695', '24fee4c1-709c-79d6-1802-ce5da15ac776')
INSERT dbo.OrderDetail(Id, Quantity, Price, ProductName, OrderId, ProductId) VALUES ('4ef42792-4d27-23d2-9b99-4d3edfe18939', 12, 2472.52, N'05ZPY-4N8Z7-Q127Y-6CL77-9744F', '5546e2d7-52f4-7149-3df3-eb0223d0a4f7', '1a361dba-2edd-6ebd-324d-4c0f86f26090')
INSERT dbo.OrderDetail(Id, Quantity, Price, ProductName, OrderId, ProductId) VALUES ('300bd270-340d-5844-c30c-0dd710d1548d', 19, 1494.06, N'M24US-E3LG6-5XP58-4S015-G6FT1', '536fb797-4470-4d28-1b8f-6354f958f4c0', '1e3453a2-3ef5-5f70-8dc9-bcec0cd444f8')
INSERT dbo.OrderDetail(Id, Quantity, Price, ProductName, OrderId, ProductId) VALUES ('22868de9-28b6-679c-b4e4-cbefc3792353', 20, 1642.76, N'LUPBZ-404Z1-T0Z44-MGJ6A-V3R5G', '6824ec57-75c6-213d-1ae6-e5912e63173c', '66a18612-296a-25b0-d94b-16e575b61049')
INSERT dbo.OrderDetail(Id, Quantity, Price, ProductName, OrderId, ProductId) VALUES ('51dc4120-17f5-2cfb-f0b5-aae5d250830a', 20, 1676.32, N'88M5T-A14P8-6P0IM-UC16U-R39OA', '5cbc2c4b-7d51-59ae-bb63-f389a2b8a695', '37e456ed-14a3-6717-f3b6-6f4dd73eba9e')
INSERT dbo.OrderDetail(Id, Quantity, Price, ProductName, OrderId, ProductId) VALUES ('6c8c2dea-5d2d-746f-0901-2997b7e81c24', 6, 1865.58, N'L2CAR-W5705-V4V00-T1734-004OH', '4b65b71a-5f55-3f9e-29a8-6d513e380bde', '244bd1b5-7428-4b87-0702-eefebbd653b8')
INSERT dbo.OrderDetail(Id, Quantity, Price, ProductName, OrderId, ProductId) VALUES ('487befbc-7c2a-3ac3-872a-acc8fc2f00af', 8, 2829.76, N'7GD1I-DJ5TB-9173U-A7GVZ-9A329', '6824ec57-75c6-213d-1ae6-e5912e63173c', '5e306560-6b07-2cdf-5b76-66508ad02725')
INSERT dbo.OrderDetail(Id, Quantity, Price, ProductName, OrderId, ProductId) VALUES ('3667fcb5-1dc2-1281-a075-2a7ae1c799c8', 9, 1580.6, N'784ZK-2J535-Q462F-88QI2-Q63PB', '4b65b71a-5f55-3f9e-29a8-6d513e380bde', '699acaa2-66da-563a-1702-ce5da15ac776')
INSERT dbo.OrderDetail(Id, Quantity, Price, ProductName, OrderId, ProductId) VALUES ('3115ec3d-5fca-18ff-f1b5-aae5d250830a', 18, 2254.64, N'64U04-KJ609-S13TF-K023O-5747R', '26fe1532-7e63-6a11-1a8f-6354f958f4c0', '69619ef2-1249-20fa-797e-3e3b283cabde')
INSERT dbo.OrderDetail(Id, Quantity, Price, ProductName, OrderId, ProductId) VALUES ('7f17104c-30e1-48f4-9c99-4d3edfe18939', 9, 2753.01, N'EU2E1-72SNS-47JY0-FU261-N6858', '6f45e010-3200-5943-27a8-6d513e380bde', '481c748b-2a85-2a28-efb6-6f4dd73eba9e')
INSERT dbo.OrderDetail(Id, Quantity, Price, ProductName, OrderId, ProductId) VALUES ('643bbbfa-17f4-3102-0a01-2997b7e81c24', 18, 2375.25, N'FRQN8-1EZ37-AL865-UHCRX-0ICOK', '35e773ea-5d44-2dda-26a8-6d513e380bde', '7e919581-5fd4-1caf-5776-66508ad02725')
INSERT dbo.OrderDetail(Id, Quantity, Price, ProductName, OrderId, ProductId) VALUES ('44b37cd4-36f8-4c5b-abc1-8e252c39bb73', 16, 2707.21, N'93964-ME5R7-M6F0I-Z0PE0-O475Z', '156b34c2-7a74-2dc8-0244-e5a214c15aa7', '5f00c41b-39dc-51ee-0802-eefebbd653b8')
INSERT dbo.OrderDetail(Id, Quantity, Price, ProductName, OrderId, ProductId) VALUES ('4d79b6cb-6e6c-245b-4229-0204eeb736fa', 3, 1059.03, N'806O2-E11Z8-UCIE1-TXU56-N366T', '6f45e010-3200-5943-27a8-6d513e380bde', '36460dcf-323b-1391-8ec9-bcec0cd444f8')
INSERT dbo.OrderDetail(Id, Quantity, Price, ProductName, OrderId, ProductId) VALUES ('54b4739a-2ddd-77f0-882a-acc8fc2f00af', 15, 1205.55, N'907Z0-Z658C-YGO31-2PNBD-C20JX', '568a5edf-15bc-7a5c-3ef3-eb0223d0a4f7', '499200b3-46a5-60a7-f196-94965a4eaa62')
INSERT dbo.OrderDetail(Id, Quantity, Price, ProductName, OrderId, ProductId) VALUES ('3b57e252-4ad1-7aad-b5e4-cbefc3792353', 20, 2057.94, N'6H352-301RZ-1RR85-T4D9B-HM503', '41c9214e-14cd-5f4a-40f3-eb0223d0a4f7', '1257615f-5ea8-6cd9-0b02-eefebbd653b8')
INSERT dbo.OrderDetail(Id, Quantity, Price, ProductName, OrderId, ProductId) VALUES ('3e128bcd-6f37-235d-c40c-0dd710d1548d', 7, 2669.25, N'LXHTD-27DP2-02GUD-80410-IX856', '156b34c2-7a74-2dc8-0244-e5a214c15aa7', '499200b3-46a5-60a7-f196-94965a4eaa62')
INSERT dbo.OrderDetail(Id, Quantity, Price, ProductName, OrderId, ProductId) VALUES ('19199813-4275-601e-a175-2a7ae1c799c8', 7, 2092.26, N'K214L-T50X9-R5185-US71D-U1OL3', '676a9ab6-33e3-4094-28a8-6d513e380bde', '43624c49-472d-4810-f296-94965a4eaa62')
INSERT dbo.OrderDetail(Id, Quantity, Price, ProductName, OrderId, ProductId) VALUES ('663bbae0-498a-7076-892a-acc8fc2f00af', 20, 2073.24, N'4NP94-P8Z7H-NW7D5-R4PEL-M3R82', '3f8e6896-4c7d-15f5-a018-75d8bd200d7c', '7959e1dd-2e0b-4306-7a7e-3e3b283cabde')
INSERT dbo.OrderDetail(Id, Quantity, Price, ProductName, OrderId, ProductId) VALUES ('60b528b8-1e15-4791-a275-2a7ae1c799c8', 18, 2180.41, N'5HBAT-YBVA6-8D118-0M3CT-4B642', '3b4ce82c-1492-6844-3ff3-eb0223d0a4f7', '699acaa2-66da-563a-1702-ce5da15ac776')
INSERT dbo.OrderDetail(Id, Quantity, Price, ProductName, OrderId, ProductId) VALUES ('32d509b9-2d1a-43b5-9d99-4d3edfe18939', 5, 2569.95, N'38Y1I-3F13K-37V16-5WXQ7-D55CQ', '3b4ce82c-1492-6844-3ff3-eb0223d0a4f7', '5aa02579-73ed-23cd-314d-4c0f86f26090')
INSERT dbo.OrderDetail(Id, Quantity, Price, ProductName, OrderId, ProductId) VALUES ('3b572f28-195a-18fb-b6e4-cbefc3792353', 11, 2200.23, N'M4NR9-19GCZ-P305I-86H2Q-2K0PF', '26fe1532-7e63-6a11-1a8f-6354f958f4c0', '244bd1b5-7428-4b87-0702-eefebbd653b8')
INSERT dbo.OrderDetail(Id, Quantity, Price, ProductName, OrderId, ProductId) VALUES ('13e90e15-7e80-37d9-9e99-4d3edfe18939', 4, 1474.76, N'M74KO-M6050-95B56-0Q1O6-4C099', '41c9214e-14cd-5f4a-40f3-eb0223d0a4f7', '36460dcf-323b-1391-8ec9-bcec0cd444f8')
INSERT dbo.OrderDetail(Id, Quantity, Price, ProductName, OrderId, ProductId) VALUES ('4670b40b-7c68-40b2-f2b5-aae5d250830a', 2, 1796.27, N'R9AQP-8RWW3-7WS21-4ZQ38-VDUNS', '156b34c2-7a74-2dc8-0244-e5a214c15aa7', '3f22df3a-3b15-3b5a-787e-3e3b283cabde')
INSERT dbo.OrderDetail(Id, Quantity, Price, ProductName, OrderId, ProductId) VALUES ('1bf7eb6f-2837-7f1f-acc1-8e252c39bb73', 18, 2557.64, N'XOKH2-3398H-HIXIW-AHH1Q-4FIVT', '26fe1532-7e63-6a11-1a8f-6354f958f4c0', '4abdf3c0-7507-7423-304d-4c0f86f26090')
INSERT dbo.OrderDetail(Id, Quantity, Price, ProductName, OrderId, ProductId) VALUES ('55068fee-1a3b-6ee9-2dde-835209209de0', 6, 2728.37, N'SWF40-1N916-T21SM-3L50R-P16SW', '1b9a70e0-37b0-709b-a218-75d8bd200d7c', '43624c49-472d-4810-f296-94965a4eaa62')
INSERT dbo.OrderDetail(Id, Quantity, Price, ProductName, OrderId, ProductId) VALUES ('1720654b-2559-3acc-c50c-0dd710d1548d', 2, 1544.78, N'Q47LH-1C4H1-5NUF3-EN9O3-32R00', '78aafe4a-67a7-2076-3bf3-eb0223d0a4f7', '66b0e9ee-53c2-4a98-432b-e89ea5388e0b')
INSERT dbo.OrderDetail(Id, Quantity, Price, ProductName, OrderId, ProductId) VALUES ('25f20752-5f67-6e6d-0b01-2997b7e81c24', 2, 1349.66, N'RS8IA-1D484-211HG-ETP3R-2J61S', '7c3f0380-7e8c-6885-19e6-e5912e63173c', '2dc6dc0b-307b-3bde-5c76-66508ad02725')
INSERT dbo.OrderDetail(Id, Quantity, Price, ProductName, OrderId, ProductId) VALUES ('5377db31-6fb2-3491-f3b5-aae5d250830a', 1, 2842.95, N'11DLF-EPE0T-4J7Y3-8CY4Q-58712', '35e773ea-5d44-2dda-26a8-6d513e380bde', '1a591774-4565-7236-90c9-bcec0cd444f8')
INSERT dbo.OrderDetail(Id, Quantity, Price, ProductName, OrderId, ProductId) VALUES ('3e215306-6cea-7d33-b7e4-cbefc3792353', 2, 1098.35, N'AFR43-18DBA-XS35N-G6TQP-09319', '1b9a70e0-37b0-709b-a218-75d8bd200d7c', '36460dcf-323b-1391-8ec9-bcec0cd444f8')
GO

--
-- Inserting data into table dbo.Payment
--
INSERT dbo.Payment(Id, Amount, PaymentDate, Method, Status, OrderId, CustomerId, UserId) VALUES ('4ac29d56-58aa-17b5-5865-a41d0e078d49', 3489.38, '2023-07-29 00:02:54.0170000', N'0P0', N'794DB97NC18435G', '78aafe4a-67a7-2076-3bf3-eb0223d0a4f7', '697be7ba-1738-6adf-298f-4d82f3a13455', '697be7ba-1738-6adf-298f-4d82f3a13455')
INSERT dbo.Payment(Id, Amount, PaymentDate, Method, Status, OrderId, CustomerId, UserId) VALUES ('1ddeb8b3-47c4-3566-f0ff-0bf8e460a224', 4435.67, '2023-07-11 18:58:21.8400000', N'9Z33035N6L29NLVHE7', N'97WN6M4IZKA09WI0OZX2839C', '41c9214e-14cd-5f4a-40f3-eb0223d0a4f7', '6207a9a7-3bf9-7288-8565-390639088226', '6207a9a7-3bf9-7288-8565-390639088226')
INSERT dbo.Payment(Id, Amount, PaymentDate, Method, Status, OrderId, CustomerId, UserId) VALUES ('2d46bab3-4f6b-69a8-71b0-22cff29e2663', 3336.71, '2023-07-16 05:47:27.0450000', N'YFR70283XWDWVKY3CJ8MN', N'TCWVA48YE8KKA0J4', '7c3f0380-7e8c-6885-19e6-e5912e63173c', '5ada22d3-3248-6596-6e1a-bb545470e80c', '5ada22d3-3248-6596-6e1a-bb545470e80c')
INSERT dbo.Payment(Id, Amount, PaymentDate, Method, Status, OrderId, CustomerId, UserId) VALUES ('28fac2a7-3b08-4b3b-d8b4-8d4600c9080b', 3217.99, '2023-05-17 02:08:51.9660000', N'U94TO1Y8', N'8X8Z8J2FPM06TNPCFMLA9U94XXY18GY9FX', '6571ec67-6ece-3667-b963-f389a2b8a695', '5e6695e2-5aad-3241-6c1a-bb545470e80c', '5e6695e2-5aad-3241-6c1a-bb545470e80c')
INSERT dbo.Payment(Id, Amount, PaymentDate, Method, Status, OrderId, CustomerId, UserId) VALUES ('12b28924-2015-5d35-f1ff-0bf8e460a224', 3398.62, '2023-06-04 14:00:20.7450000', N'EWDMWP5D50L4MZ8QZ43FOI2553VXE2', N'5514J0I461062930AM1U9Q1Z5J87982O02ZP70S24YU5T3H808S20LC334513N04C00PT183H1AEC89985O7HSFLP3SM4U82X0B4', '3a9bddf8-45b5-74ca-3131-644313fbb055', '33c6f0f4-3591-2c8e-1244-cfd00e0a9b3b', '33c6f0f4-3591-2c8e-1244-cfd00e0a9b3b')
INSERT dbo.Payment(Id, Amount, PaymentDate, Method, Status, OrderId, CustomerId, UserId) VALUES ('6cb25a5f-3341-5f1d-d9b4-8d4600c9080b', 4676.2, '2023-06-14 11:26:24.3020000', N'6045T32X575Q2FQ2', N'E814OXJNT9X5W3TE97J4TRF', '4b65b71a-5f55-3f9e-29a8-6d513e380bde', '7de0e887-6ace-4435-1344-cfd00e0a9b3b', '7de0e887-6ace-4435-1344-cfd00e0a9b3b')
INSERT dbo.Payment(Id, Amount, PaymentDate, Method, Status, OrderId, CustomerId, UserId) VALUES ('7b65a1d7-52df-5fb9-16cf-1ab46ebdb0f4', 3105.91, '2023-07-30 15:05:30.0080000', N'2A844G7ZC828V594X8XLE', N'D9Z54UW16C80Y954C53OB1JVN66UPB4N3TPD702Z3PIWMV76D42DKV8K', '2b66edd0-4caa-7475-3231-644313fbb055', '6d81a322-63f0-7270-6d1a-bb545470e80c', '6d81a322-63f0-7270-6d1a-bb545470e80c')
INSERT dbo.Payment(Id, Amount, PaymentDate, Method, Status, OrderId, CustomerId, UserId) VALUES ('4037b27c-61ef-3836-e061-aec1e6494175', 4555.96, '2023-05-10 12:59:52.0080000', N'0279EOJ88B4M0GAY16GGI7609N5M98B48BN7D8KYQ59V3707DPEH6GC954021L0RIX2QYET0M5454UU9U8Y264RT096XVHB3IMQP', N'H1W', '156b34c2-7a74-2dc8-0244-e5a214c15aa7', '5ada22d3-3248-6596-6e1a-bb545470e80c', '5ada22d3-3248-6596-6e1a-bb545470e80c')
INSERT dbo.Payment(Id, Amount, PaymentDate, Method, Status, OrderId, CustomerId, UserId) VALUES ('3fe29540-7182-343d-f9ac-2c73cbe1da8e', 4615.54, '2023-06-13 20:22:41.3800000', N'33VT98X6YC1VKHN2511', N'X23K65GE3H7R3JM8ON82UZ8X83H49JL6AT8299A92VJ71PFH', '45ac3d26-18f2-18a9-3031-644313fbb055', '5e6695e2-5aad-3241-6c1a-bb545470e80c', '5e6695e2-5aad-3241-6c1a-bb545470e80c')
INSERT dbo.Payment(Id, Amount, PaymentDate, Method, Status, OrderId, CustomerId, UserId) VALUES ('7053ee6c-11c6-39a4-f2ff-0bf8e460a224', 3562.58, '2023-06-25 22:24:54.8400000', N'54SF26Q875NNI236FV5', N'IJ909XJ9S3Z1', '156b34c2-7a74-2dc8-0244-e5a214c15aa7', '4a0e751e-750e-45c3-de78-cf6d4dd5c4a3', '4a0e751e-750e-45c3-de78-cf6d4dd5c4a3')
INSERT dbo.Payment(Id, Amount, PaymentDate, Method, Status, OrderId, CustomerId, UserId) VALUES ('27560cb6-7f46-456c-dab4-8d4600c9080b', 4079.34, '2023-05-20 03:12:20.0040000', N'5N88SM', N'9TPYU', '536fb797-4470-4d28-1b8f-6354f958f4c0', '5e6695e2-5aad-3241-6c1a-bb545470e80c', '5e6695e2-5aad-3241-6c1a-bb545470e80c')
INSERT dbo.Payment(Id, Amount, PaymentDate, Method, Status, OrderId, CustomerId, UserId) VALUES ('2dc469bc-3642-508e-0f82-85029f2a50a2', 3755.71, '2023-05-06 03:06:46.0080000', N'2AHV85QWTG5A374AKXPFD0B55U4JEUG71W09Y2Q5ZZ7Q5', N'14W', '647a538e-630d-39cd-0144-e5a214c15aa7', '697be7ba-1738-6adf-298f-4d82f3a13455', '697be7ba-1738-6adf-298f-4d82f3a13455')
INSERT dbo.Payment(Id, Amount, PaymentDate, Method, Status, OrderId, CustomerId, UserId) VALUES ('3ea7e00c-2811-2d4b-f3ff-0bf8e460a224', 3178.93, '2023-06-26 05:38:35.9570000', N'D7E38T8R86SNA7R2IN84', N'21952ANR44ZAOTGY102PS0L6P', '6f45e010-3200-5943-27a8-6d513e380bde', '3d1c5555-3e10-56cf-2b8f-4d82f3a13455', '3d1c5555-3e10-56cf-2b8f-4d82f3a13455')
INSERT dbo.Payment(Id, Amount, PaymentDate, Method, Status, OrderId, CustomerId, UserId) VALUES ('34987e2e-6ca6-17a5-dbb4-8d4600c9080b', 4620.35, '2023-07-02 05:16:11.9080000', N'D1J', N'BK5', '58e30e45-453c-4992-a118-75d8bd200d7c', '75de26bb-5a5c-467f-2c8f-4d82f3a13455', '75de26bb-5a5c-467f-2c8f-4d82f3a13455')
INSERT dbo.Payment(Id, Amount, PaymentDate, Method, Status, OrderId, CustomerId, UserId) VALUES ('6ef2c105-1640-66b0-28cd-03b483c2e9bb', 3260.57, '2023-07-03 15:09:51.5460000', N'5051QJPO04V3L285EIP246F27SE6SHQ9P922U9VCKT7S273WBPMA1W0', N'Z3705Q3V18GAP1145GAN19ZO62', '676a9ab6-33e3-4094-28a8-6d513e380bde', '5bfe5648-65c2-7d1a-f203-13a65cc92c97', '5bfe5648-65c2-7d1a-f203-13a65cc92c97')
INSERT dbo.Payment(Id, Amount, PaymentDate, Method, Status, OrderId, CustomerId, UserId) VALUES ('6771d370-25b7-6eed-1082-85029f2a50a2', 4653.12, '2023-07-15 04:19:56.0060000', N'82T42XQ6M40MQWSZVG3N8H9R18E8H1U6GRS', N'RISW0F9KT881DWH1', '5cbc2c4b-7d51-59ae-bb63-f389a2b8a695', '749718aa-2270-77cc-1444-cfd00e0a9b3b', '749718aa-2270-77cc-1444-cfd00e0a9b3b')
INSERT dbo.Payment(Id, Amount, PaymentDate, Method, Status, OrderId, CustomerId, UserId) VALUES ('6be436fc-4731-5d13-0184-9c028a2517db', 4965.84, '2023-05-25 14:11:58.3340000', N'9620RJI54M4I2757Q4', N'CL5BS0', '4b65b71a-5f55-3f9e-29a8-6d513e380bde', '1e3c96c9-1471-23e0-8765-390639088226', '1e3c96c9-1471-23e0-8765-390639088226')
INSERT dbo.Payment(Id, Amount, PaymentDate, Method, Status, OrderId, CustomerId, UserId) VALUES ('15b90510-1813-5004-29cd-03b483c2e9bb', 3903.49, '2023-06-14 05:17:59.0050000', N'I5V6E', N'0GME20GXI73U1OOU64956', '7c3f0380-7e8c-6885-19e6-e5912e63173c', '6207a9a7-3bf9-7288-8565-390639088226', '6207a9a7-3bf9-7288-8565-390639088226')
INSERT dbo.Payment(Id, Amount, PaymentDate, Method, Status, OrderId, CustomerId, UserId) VALUES ('2b215c15-1565-4f74-f4ff-0bf8e460a224', 3771.03, '2023-07-28 16:47:23.8800000', N'8SEB279ATQ5N308A6K15VBWM8TK63URLPUCP8I61MXCL3QQIR506GN23R85Z6423F963ZGP', N'3SLI', '45ac3d26-18f2-18a9-3031-644313fbb055', '5e6695e2-5aad-3241-6c1a-bb545470e80c', '5e6695e2-5aad-3241-6c1a-bb545470e80c')
INSERT dbo.Payment(Id, Amount, PaymentDate, Method, Status, OrderId, CustomerId, UserId) VALUES ('63f1e101-5c59-24e0-17cf-1ab46ebdb0f4', 4171.58, '2023-06-25 23:40:53.2860000', N'EO0448W653AWW3M', N'2NMG2', '5cbc2c4b-7d51-59ae-bb63-f389a2b8a695', '7de0e887-6ace-4435-1344-cfd00e0a9b3b', '7de0e887-6ace-4435-1344-cfd00e0a9b3b')
INSERT dbo.Payment(Id, Amount, PaymentDate, Method, Status, OrderId, CustomerId, UserId) VALUES ('4b1bad10-1fb2-2cbf-5965-a41d0e078d49', 3806.88, '2023-05-22 03:00:18.5830000', N'0KP7GL8M', N'0HLNJ3035U745UHSMQIL746959LCD95QIDI60VDVGLX44V9ERX9F2V15F9', '676a9ab6-33e3-4094-28a8-6d513e380bde', '7de0e887-6ace-4435-1344-cfd00e0a9b3b', '7de0e887-6ace-4435-1344-cfd00e0a9b3b')
INSERT dbo.Payment(Id, Amount, PaymentDate, Method, Status, OrderId, CustomerId, UserId) VALUES ('2499c672-66a3-6014-e161-aec1e6494175', 3050.13, '2023-05-30 14:35:22.3080000', N'6XWK1P064L4021Y3D', N'97YZ6BT3373QCA7XKY2G8L49K289WH38760KR3C961G9IY66XO94330', '7c3f0380-7e8c-6885-19e6-e5912e63173c', '11643064-22fb-7e14-1399-04b3a3d51ef2', '11643064-22fb-7e14-1399-04b3a3d51ef2')
INSERT dbo.Payment(Id, Amount, PaymentDate, Method, Status, OrderId, CustomerId, UserId) VALUES ('3d9b4fab-3170-664b-faac-2c73cbe1da8e', 3535.55, '2023-06-06 23:16:41.0540000', N'8543PSD3280JOZP7O250ZDH6GKO6L5NM0U7GW219475M9UA0K8', N'M', '3f8e6896-4c7d-15f5-a018-75d8bd200d7c', '30d623f2-31cf-5d4c-f7c3-4d1f326d5ebd', '30d623f2-31cf-5d4c-f7c3-4d1f326d5ebd')
INSERT dbo.Payment(Id, Amount, PaymentDate, Method, Status, OrderId, CustomerId, UserId) VALUES ('16670d05-31ef-289f-72b0-22cff29e2663', 3571.49, '2023-07-23 09:47:27.6940000', N'P', N'0', '3f8e6896-4c7d-15f5-a018-75d8bd200d7c', '60e226cb-63fb-4363-fc4d-8601bf3d85d8', '60e226cb-63fb-4363-fc4d-8601bf3d85d8')
INSERT dbo.Payment(Id, Amount, PaymentDate, Method, Status, OrderId, CustomerId, UserId) VALUES ('3744cece-2225-5408-1182-85029f2a50a2', 3345.48, '2023-06-29 09:52:20.1750000', N'2O', N'8ML0HVLBZ7LOBJF3T5', '75cce5a6-4f7f-3671-3cf3-eb0223d0a4f7', '60e226cb-63fb-4363-fc4d-8601bf3d85d8', '60e226cb-63fb-4363-fc4d-8601bf3d85d8')
INSERT dbo.Payment(Id, Amount, PaymentDate, Method, Status, OrderId, CustomerId, UserId) VALUES ('4d42fe6b-33e3-3b4a-0284-9c028a2517db', 3734.64, '2023-05-18 02:51:10.9350000', N'KO50', N'V80816F537B3', '7c4f14d8-66fb-14ae-198f-6354f958f4c0', '60e226cb-63fb-4363-fc4d-8601bf3d85d8', '60e226cb-63fb-4363-fc4d-8601bf3d85d8')
INSERT dbo.Payment(Id, Amount, PaymentDate, Method, Status, OrderId, CustomerId, UserId) VALUES ('6b5ad248-185a-744b-dcb4-8d4600c9080b', 4427.57, '2023-07-11 14:23:04.0030000', N'7F89B7L32V9Z976R8VEI7N24558RD86WY', N'DD31920BDO1S2E9TOGFT', '647a538e-630d-39cd-0144-e5a214c15aa7', '4e3e50b0-55de-5c2f-2d8f-4d82f3a13455', '4e3e50b0-55de-5c2f-2d8f-4d82f3a13455')
INSERT dbo.Payment(Id, Amount, PaymentDate, Method, Status, OrderId, CustomerId, UserId) VALUES ('7647f619-3cb6-1821-e261-aec1e6494175', 3023.78, '2023-06-15 14:05:40.9690000', N'131S171EW1H415VG8MV872', N'2WD25RGSW7L', '58e30e45-453c-4992-a118-75d8bd200d7c', '694c75bd-3b3d-2034-6f1a-bb545470e80c', '694c75bd-3b3d-2034-6f1a-bb545470e80c')
INSERT dbo.Payment(Id, Amount, PaymentDate, Method, Status, OrderId, CustomerId, UserId) VALUES ('3f8c209f-6eb7-32b3-18cf-1ab46ebdb0f4', 4825.36, '2023-07-10 20:51:44.1290000', N'GXD186XF481DV2W29W98X6I6H74LRT5N3P', N'5WHT7HP253HI4R21956JO74DW11ZH42HYHW9', '7c3f0380-7e8c-6885-19e6-e5912e63173c', '6ed2e962-178c-712c-fd4d-8601bf3d85d8', '6ed2e962-178c-712c-fd4d-8601bf3d85d8')
INSERT dbo.Payment(Id, Amount, PaymentDate, Method, Status, OrderId, CustomerId, UserId) VALUES ('1897b01b-1b25-3c3e-f5ff-0bf8e460a224', 4086.73, '2023-05-11 21:22:03.8990000', N'9LA7F6WZEHG715NDZ', N'18DDP83653Y2221UN8Z57O51DN8Z0891161T90RG1040814RRAUV2HQ916EV60IIT', '5cbc2c4b-7d51-59ae-bb63-f389a2b8a695', '6ed2e962-178c-712c-fd4d-8601bf3d85d8', '6ed2e962-178c-712c-fd4d-8601bf3d85d8')
INSERT dbo.Payment(Id, Amount, PaymentDate, Method, Status, OrderId, CustomerId, UserId) VALUES ('441e0e7b-2fdf-6cf5-2acd-03b483c2e9bb', 4827.04, '2023-07-05 01:57:00.4940000', N'CX4A9ASNH3D1408D49302F3N8Z835O8K6K5T42QP98F', N'8MCS28NZS7TI7E4G9BGYJC4Y9N0', '75cce5a6-4f7f-3671-3cf3-eb0223d0a4f7', '33c6f0f4-3591-2c8e-1244-cfd00e0a9b3b', '33c6f0f4-3591-2c8e-1244-cfd00e0a9b3b')
INSERT dbo.Payment(Id, Amount, PaymentDate, Method, Status, OrderId, CustomerId, UserId) VALUES ('234e9507-772c-1d50-5a65-a41d0e078d49', 3315.44, '2023-06-21 00:21:17.4300000', N'QSYZJVJ7C820TI33P2G8G0S43W4FY4VDX19G4VOW3EIU6O5EZ8625KHD67J2L6TL2AH1V23Y8N570X0G75D064241ZE70GB2R394', N'AA27E7OO736RCVINIWA0X6KVX6D0R7X719JBA7X0ZW', '45ac3d26-18f2-18a9-3031-644313fbb055', '1e3c96c9-1471-23e0-8765-390639088226', '1e3c96c9-1471-23e0-8765-390639088226')
INSERT dbo.Payment(Id, Amount, PaymentDate, Method, Status, OrderId, CustomerId, UserId) VALUES ('746370f7-7743-3a37-0384-9c028a2517db', 4253.73, '2023-05-28 09:25:06.2040000', N'39G165MU', N'IVU31W7B5DCTJ9UQ', '2e72d671-36cd-4949-2ba8-6d513e380bde', '75de26bb-5a5c-467f-2c8f-4d82f3a13455', '75de26bb-5a5c-467f-2c8f-4d82f3a13455')
INSERT dbo.Payment(Id, Amount, PaymentDate, Method, Status, OrderId, CustomerId, UserId) VALUES ('45ec63d8-2aa2-78df-ddb4-8d4600c9080b', 4995.83, '2023-05-11 11:04:38.8720000', N'6V1W1S0632X0ON0S6154YHHT960ZPNMJK0DULB27Q8WH13F67I90J8AZN1591HT07H60238O5JD983983B9A98C3866P1', N'96Q5MIFM02HETEH89NQ108R430QCKHTQ5V0D10VX3R99961D9L4J6L', '41c9214e-14cd-5f4a-40f3-eb0223d0a4f7', '15f49a4f-6117-2234-1544-cfd00e0a9b3b', '15f49a4f-6117-2234-1544-cfd00e0a9b3b')
INSERT dbo.Payment(Id, Amount, PaymentDate, Method, Status, OrderId, CustomerId, UserId) VALUES ('7afa4ee1-3bb6-6000-1282-85029f2a50a2', 4674.55, '2023-07-13 13:36:47.0070000', N'EK3IP743QB97134I74G95V6P8HM2R6P57Y80W2XT5TKT6S8VOX3', N'GZ0687407E9RS7K3', '156b34c2-7a74-2dc8-0244-e5a214c15aa7', '749718aa-2270-77cc-1444-cfd00e0a9b3b', '749718aa-2270-77cc-1444-cfd00e0a9b3b')
INSERT dbo.Payment(Id, Amount, PaymentDate, Method, Status, OrderId, CustomerId, UserId) VALUES ('3d87925f-64e1-2351-73b0-22cff29e2663', 4955.55, '2023-06-27 14:45:47.0110000', N'5AFFL39Z1P113N0', N'PZ53IALK82PW95U', '676a9ab6-33e3-4094-28a8-6d513e380bde', '5e272913-6cff-509f-d8b8-94f47731937d', '5e272913-6cff-509f-d8b8-94f47731937d')
INSERT dbo.Payment(Id, Amount, PaymentDate, Method, Status, OrderId, CustomerId, UserId) VALUES ('4f017b11-65ea-35d5-2bcd-03b483c2e9bb', 3495.05, '2023-07-25 23:36:59.9680000', N'7', N'4X216Y0RU', '676a9ab6-33e3-4094-28a8-6d513e380bde', '76598eb0-20b1-664e-8665-390639088226', '76598eb0-20b1-664e-8665-390639088226')
INSERT dbo.Payment(Id, Amount, PaymentDate, Method, Status, OrderId, CustomerId, UserId) VALUES ('6f6115e6-1e1d-73c5-fbac-2c73cbe1da8e', 3558.3, '2023-05-16 15:12:46.0640000', N'RZS9Y186WN7O3T7ESL4A2563S50BD0LE2V0H6547GZL5193', N'OJ26503T5490ULHSCX1T5T42EMKV16VRG94N07VYZ0KV1WPWU819IZW', '4ff476e9-6c05-11e5-2aa8-6d513e380bde', '60e226cb-63fb-4363-fc4d-8601bf3d85d8', '60e226cb-63fb-4363-fc4d-8601bf3d85d8')
INSERT dbo.Payment(Id, Amount, PaymentDate, Method, Status, OrderId, CustomerId, UserId) VALUES ('33c225a6-7ee3-2e11-1382-85029f2a50a2', 3410.74, '2023-06-17 15:06:42.6570000', N'0', N'HP87B7643D13GM81LRJ73XG807VW140B31C98H6AYL011OUC86FGF97L369L0HBLUOLRCGG39H769J39T1515N5CFTPVFQUG5', '3f8e6896-4c7d-15f5-a018-75d8bd200d7c', '4715a96a-6e8c-2acb-1499-04b3a3d51ef2', '4715a96a-6e8c-2acb-1499-04b3a3d51ef2')
INSERT dbo.Payment(Id, Amount, PaymentDate, Method, Status, OrderId, CustomerId, UserId) VALUES ('5fc66274-7195-550c-5b65-a41d0e078d49', 4928.89, '2023-06-01 19:08:30.6560000', N'65942', N'WD3Z8MDD01G9N', '156b34c2-7a74-2dc8-0244-e5a214c15aa7', '694c75bd-3b3d-2034-6f1a-bb545470e80c', '694c75bd-3b3d-2034-6f1a-bb545470e80c')
INSERT dbo.Payment(Id, Amount, PaymentDate, Method, Status, OrderId, CustomerId, UserId) VALUES ('63ab86d1-5643-4d4b-74b0-22cff29e2663', 4675.51, '2023-06-08 02:05:32.5440000', N'I1MCOI2951WOE477SMKNJ67AK07QTPY1U3YIE41GLFG0SQM1DI2P4BUK52MP', N'7VTS7Z4AQ2Z0MC28J02ZG5BQFR3P8X836R625ZXG0J51ET3P7415B29854', '3f8e6896-4c7d-15f5-a018-75d8bd200d7c', '15f0f2b5-5e6d-6d8a-df78-cf6d4dd5c4a3', '15f0f2b5-5e6d-6d8a-df78-cf6d4dd5c4a3')
INSERT dbo.Payment(Id, Amount, PaymentDate, Method, Status, OrderId, CustomerId, UserId) VALUES ('7dcb297f-2e23-6b81-e361-aec1e6494175', 3154.96, '2023-05-04 07:54:23.4370000', N'45EXVP1985MZRX4L9FBX9PE', N'SZ46NRGB6', '1b9a70e0-37b0-709b-a218-75d8bd200d7c', '15f0f2b5-5e6d-6d8a-df78-cf6d4dd5c4a3', '15f0f2b5-5e6d-6d8a-df78-cf6d4dd5c4a3')
INSERT dbo.Payment(Id, Amount, PaymentDate, Method, Status, OrderId, CustomerId, UserId) VALUES ('4f744933-7440-43eb-fcac-2c73cbe1da8e', 4153.93, '2023-05-28 20:03:07.0500000', N'648NLU1P399KB3SK8', N'5A35PN79S1OYSYAALF3494J4096K08L0V369PIRKVJLQI670H13D68G12D42GG16441P', '78aafe4a-67a7-2076-3bf3-eb0223d0a4f7', '4b635464-5ee2-2a80-f103-13a65cc92c97', '4b635464-5ee2-2a80-f103-13a65cc92c97')
INSERT dbo.Payment(Id, Amount, PaymentDate, Method, Status, OrderId, CustomerId, UserId) VALUES ('15b51006-20dd-4701-f6ff-0bf8e460a224', 4553.57, '2023-07-22 05:26:47.0900000', N'1T1CGY8AGYDE4O7DX4QX1HZ931ZIT2D2', N'LCUOQF2O0870R8NVQTX7KIG115PEL12M09D5F8', '26fe1532-7e63-6a11-1a8f-6354f958f4c0', '11643064-22fb-7e14-1399-04b3a3d51ef2', '11643064-22fb-7e14-1399-04b3a3d51ef2')
INSERT dbo.Payment(Id, Amount, PaymentDate, Method, Status, OrderId, CustomerId, UserId) VALUES ('6042f17b-7736-2735-e461-aec1e6494175', 3491.77, '2023-07-14 23:51:24.9090000', N'2AM9TB106W1427QYH0550F1860742715PT280BWS435HZLN04J1FP1A8CYI', N'6B5J8RIAR1WSJO67T7R4C86U2BO24X44376I65C', '7c4f14d8-66fb-14ae-198f-6354f958f4c0', '694c75bd-3b3d-2034-6f1a-bb545470e80c', '694c75bd-3b3d-2034-6f1a-bb545470e80c')
INSERT dbo.Payment(Id, Amount, PaymentDate, Method, Status, OrderId, CustomerId, UserId) VALUES ('629de796-4c32-462a-2ccd-03b483c2e9bb', 4456.79, '2023-07-04 22:58:36.4330000', N'2057PHFCB8AC7I0D6FV9I1D7GVIU', N'31B9D44777O0T2718475I9VG2HYXE011LJO37', '3b4ce82c-1492-6844-3ff3-eb0223d0a4f7', '75de26bb-5a5c-467f-2c8f-4d82f3a13455', '75de26bb-5a5c-467f-2c8f-4d82f3a13455')
INSERT dbo.Payment(Id, Amount, PaymentDate, Method, Status, OrderId, CustomerId, UserId) VALUES ('1fd5948b-4228-620e-fdac-2c73cbe1da8e', 4472.2, '2023-05-30 07:27:30.7080000', N'N071BN5WK2YEDC07PF655N74J6NPS56EMESAENF', N'92', '75cce5a6-4f7f-3671-3cf3-eb0223d0a4f7', '5e6695e2-5aad-3241-6c1a-bb545470e80c', '5e6695e2-5aad-3241-6c1a-bb545470e80c')
INSERT dbo.Payment(Id, Amount, PaymentDate, Method, Status, OrderId, CustomerId, UserId) VALUES ('2abc23cc-1f55-429e-5c65-a41d0e078d49', 4748.87, '2023-05-27 14:01:11.6100000', N'JEM1H5W694JUA1G60E3A4D1KI', N'73DQ4D25005J15P7CR8KNTO96X9904IWV2G', '58e30e45-453c-4992-a118-75d8bd200d7c', '15f49a4f-6117-2234-1544-cfd00e0a9b3b', '15f49a4f-6117-2234-1544-cfd00e0a9b3b')
INSERT dbo.Payment(Id, Amount, PaymentDate, Method, Status, OrderId, CustomerId, UserId) VALUES ('4db17140-7d14-7b68-75b0-22cff29e2663', 3592.99, '2023-07-08 09:19:09.1030000', N'AGF1U1MEN3604V8M5JWD0RVWNAT46871CU8PX0H18X0B58517119B24S6VI253C70G13L', N'EU8K', '536fb797-4470-4d28-1b8f-6354f958f4c0', '15f0f2b5-5e6d-6d8a-df78-cf6d4dd5c4a3', '15f0f2b5-5e6d-6d8a-df78-cf6d4dd5c4a3')
INSERT dbo.Payment(Id, Amount, PaymentDate, Method, Status, OrderId, CustomerId, UserId) VALUES ('64074781-3ef2-4b6c-19cf-1ab46ebdb0f4', 3910.82, '2023-05-07 17:52:26.9340000', N'R59WG575W4W6PF0L2LDJR2D4R42M2910M8YPFWKGUNNL7PA1B6I0', N'O632B94XI910548TUZSOW9VGC1C17', '3b4ce82c-1492-6844-3ff3-eb0223d0a4f7', '6d81a322-63f0-7270-6d1a-bb545470e80c', '6d81a322-63f0-7270-6d1a-bb545470e80c')
GO

--
-- Inserting data into table dbo.Rating
--
INSERT dbo.Rating(Id, Value, ProductId, UserId) VALUES ('2a951a0f-259c-2832-7dcc-ee92bf437a3f', 4.52, '14735d5d-67ff-5dad-412b-e89ea5388e0b', '60e226cb-63fb-4363-fc4d-8601bf3d85d8')
INSERT dbo.Rating(Id, Value, ProductId, UserId) VALUES ('49b5613c-112f-5d16-636f-d59c8dd9bef2', 2.6, '66b0e9ee-53c2-4a98-432b-e89ea5388e0b', '6d81a322-63f0-7270-6d1a-bb545470e80c')
INSERT dbo.Rating(Id, Value, ProductId, UserId) VALUES ('26a546dc-51ef-474e-ec75-f433c80be791', 4.2, '3f22df3a-3b15-3b5a-787e-3e3b283cabde', '5e6695e2-5aad-3241-6c1a-bb545470e80c')
INSERT dbo.Rating(Id, Value, ProductId, UserId) VALUES ('60b82625-3612-24de-9617-6d44a4db1359', 4.72, '14735d5d-67ff-5dad-412b-e89ea5388e0b', '7de0e887-6ace-4435-1344-cfd00e0a9b3b')
INSERT dbo.Rating(Id, Value, ProductId, UserId) VALUES ('359963d8-1e69-5220-7ecc-ee92bf437a3f', 4.19, '1257615f-5ea8-6cd9-0b02-eefebbd653b8', '6d81a322-63f0-7270-6d1a-bb545470e80c')
INSERT dbo.Rating(Id, Value, ProductId, UserId) VALUES ('2181e1b4-3cf9-2495-bbec-c0283040ad25', 3.85, '5ebb6116-1627-3f70-0602-eefebbd653b8', '5e272913-6cff-509f-d8b8-94f47731937d')
INSERT dbo.Rating(Id, Value, ProductId, UserId) VALUES ('4ef150ce-6a97-2441-241c-bd61bb603dc5', 3.06, '66a18612-296a-25b0-d94b-16e575b61049', '7ac8b8cf-6a0d-6fa3-d9b8-94f47731937d')
INSERT dbo.Rating(Id, Value, ProductId, UserId) VALUES ('1869fe35-23c5-7aef-d42a-7682e3734d78', 5, '37e456ed-14a3-6717-f3b6-6f4dd73eba9e', '5e272913-6cff-509f-d8b8-94f47731937d')
INSERT dbo.Rating(Id, Value, ProductId, UserId) VALUES ('44cbba58-64e2-12c7-9717-6d44a4db1359', 4.59, '3a6dba26-6960-6953-d74b-16e575b61049', '11fbda18-5d9f-396c-1299-04b3a3d51ef2')
INSERT dbo.Rating(Id, Value, ProductId, UserId) VALUES ('58e9cca7-69fc-2741-0cd1-3eb0d6c8a3ab', 3.18, '5e306560-6b07-2cdf-5b76-66508ad02725', '1e3c96c9-1471-23e0-8765-390639088226')
INSERT dbo.Rating(Id, Value, ProductId, UserId) VALUES ('7f36ebda-23f4-3133-a3a1-42774ba8130c', 4.18, '1e3453a2-3ef5-5f70-8dc9-bcec0cd444f8', '60e226cb-63fb-4363-fc4d-8601bf3d85d8')
INSERT dbo.Rating(Id, Value, ProductId, UserId) VALUES ('190b0c38-7f90-3df4-251c-bd61bb603dc5', 3.9, '5ebb6116-1627-3f70-0602-eefebbd653b8', '5e272913-6cff-509f-d8b8-94f47731937d')
INSERT dbo.Rating(Id, Value, ProductId, UserId) VALUES ('72a22048-7970-5296-bcec-c0283040ad25', 2.89, '66b0e9ee-53c2-4a98-432b-e89ea5388e0b', '4bfe55ba-57df-274c-1144-cfd00e0a9b3b')
INSERT dbo.Rating(Id, Value, ProductId, UserId) VALUES ('4c1a48f6-2473-17f0-0dd1-3eb0d6c8a3ab', 4.63, '1257615f-5ea8-6cd9-0b02-eefebbd653b8', '15f0f2b5-5e6d-6d8a-df78-cf6d4dd5c4a3')
INSERT dbo.Rating(Id, Value, ProductId, UserId) VALUES ('1e8716da-3334-217f-ed75-f433c80be791', 1.54, '26c1e1f8-3a26-53fe-5876-66508ad02725', '75de26bb-5a5c-467f-2c8f-4d82f3a13455')
INSERT dbo.Rating(Id, Value, ProductId, UserId) VALUES ('4069d3f1-27f7-1832-a4a1-42774ba8130c', 5, '1e3453a2-3ef5-5f70-8dc9-bcec0cd444f8', '1e3c96c9-1471-23e0-8765-390639088226')
INSERT dbo.Rating(Id, Value, ProductId, UserId) VALUES ('3c48c83b-5a4b-39fb-7fcc-ee92bf437a3f', 4.53, '1257615f-5ea8-6cd9-0b02-eefebbd653b8', '697be7ba-1738-6adf-298f-4d82f3a13455')
INSERT dbo.Rating(Id, Value, ProductId, UserId) VALUES ('55a7c925-172d-1bbd-261c-bd61bb603dc5', 1.8, '228bfc03-38db-4741-f096-94965a4eaa62', '15b4ab0a-3b8f-6f6f-2a8f-4d82f3a13455')
INSERT dbo.Rating(Id, Value, ProductId, UserId) VALUES ('65178d01-6a78-73cb-bdec-c0283040ad25', 3.57, '1257615f-5ea8-6cd9-0b02-eefebbd653b8', '11643064-22fb-7e14-1399-04b3a3d51ef2')
INSERT dbo.Rating(Id, Value, ProductId, UserId) VALUES ('3fc5d8bf-70ff-55e4-0ed1-3eb0d6c8a3ab', 1.74, '1a361dba-2edd-6ebd-324d-4c0f86f26090', '11643064-22fb-7e14-1399-04b3a3d51ef2')
INSERT dbo.Rating(Id, Value, ProductId, UserId) VALUES ('54e884cf-26c4-675a-9817-6d44a4db1359', 3.47, '1a591774-4565-7236-90c9-bcec0cd444f8', '5e272913-6cff-509f-d8b8-94f47731937d')
INSERT dbo.Rating(Id, Value, ProductId, UserId) VALUES ('2086b7e3-2287-5b46-271c-bd61bb603dc5', 1.93, '69619ef2-1249-20fa-797e-3e3b283cabde', '4bfe55ba-57df-274c-1144-cfd00e0a9b3b')
INSERT dbo.Rating(Id, Value, ProductId, UserId) VALUES ('770fffce-6639-4c61-d52a-7682e3734d78', 5, '69619ef2-1249-20fa-797e-3e3b283cabde', '15b4ab0a-3b8f-6f6f-2a8f-4d82f3a13455')
INSERT dbo.Rating(Id, Value, ProductId, UserId) VALUES ('2fea4efe-2519-3e7c-4e24-57eba84125d9', 3.44, '1b3166b4-1301-5956-5a76-66508ad02725', '694c75bd-3b3d-2034-6f1a-bb545470e80c')
INSERT dbo.Rating(Id, Value, ProductId, UserId) VALUES ('41189121-56bd-27c6-ee75-f433c80be791', 4.93, '1a361dba-2edd-6ebd-324d-4c0f86f26090', '4b635464-5ee2-2a80-f103-13a65cc92c97')
INSERT dbo.Rating(Id, Value, ProductId, UserId) VALUES ('7312cb9a-21c1-2fcd-d62a-7682e3734d78', 1.95, '5f0a8444-3de1-3f02-eeb6-6f4dd73eba9e', '3d1c5555-3e10-56cf-2b8f-4d82f3a13455')
INSERT dbo.Rating(Id, Value, ProductId, UserId) VALUES ('52a6b5ee-63f8-714b-646f-d59c8dd9bef2', 3.3, '751604f5-1e51-6d47-3f2b-e89ea5388e0b', '60e226cb-63fb-4363-fc4d-8601bf3d85d8')
INSERT dbo.Rating(Id, Value, ProductId, UserId) VALUES ('502884e6-303d-41cc-80cc-ee92bf437a3f', 1.1, '36ce1756-1d21-7373-f1b6-6f4dd73eba9e', '4e53ab23-4fbb-7431-fe4d-8601bf3d85d8')
INSERT dbo.Rating(Id, Value, ProductId, UserId) VALUES ('6fc5a9fc-7a5f-2147-4f24-57eba84125d9', 4.94, '397bc919-4888-5ab2-402b-e89ea5388e0b', '30d623f2-31cf-5d4c-f7c3-4d1f326d5ebd')
INSERT dbo.Rating(Id, Value, ProductId, UserId) VALUES ('72c3ea61-6fb9-2fce-ef75-f433c80be791', 1.69, '69619ef2-1249-20fa-797e-3e3b283cabde', '6ed2e962-178c-712c-fd4d-8601bf3d85d8')
INSERT dbo.Rating(Id, Value, ProductId, UserId) VALUES ('60f499d6-2ddb-2631-d72a-7682e3734d78', 5, '5ebb6116-1627-3f70-0602-eefebbd653b8', '4e53ab23-4fbb-7431-fe4d-8601bf3d85d8')
INSERT dbo.Rating(Id, Value, ProductId, UserId) VALUES ('53bece42-543e-5fc1-9917-6d44a4db1359', 2.26, '36ce1756-1d21-7373-f1b6-6f4dd73eba9e', '7ac8b8cf-6a0d-6fa3-d9b8-94f47731937d')
INSERT dbo.Rating(Id, Value, ProductId, UserId) VALUES ('57f439d5-34b8-5f7b-a5a1-42774ba8130c', 5, '481c748b-2a85-2a28-efb6-6f4dd73eba9e', '5e272913-6cff-509f-d8b8-94f47731937d')
INSERT dbo.Rating(Id, Value, ProductId, UserId) VALUES ('58f3e012-75f0-16d4-81cc-ee92bf437a3f', 5, '5aa02579-73ed-23cd-314d-4c0f86f26090', '3d1c5555-3e10-56cf-2b8f-4d82f3a13455')
INSERT dbo.Rating(Id, Value, ProductId, UserId) VALUES ('5e7f7505-3585-32d8-9a17-6d44a4db1359', 2.52, '69619ef2-1249-20fa-797e-3e3b283cabde', '5e272913-6cff-509f-d8b8-94f47731937d')
INSERT dbo.Rating(Id, Value, ProductId, UserId) VALUES ('40159a4f-6bcc-4aa5-f075-f433c80be791', 4.68, '3a6dba26-6960-6953-d74b-16e575b61049', '4bfe55ba-57df-274c-1144-cfd00e0a9b3b')
INSERT dbo.Rating(Id, Value, ProductId, UserId) VALUES ('74682fb1-77eb-3372-656f-d59c8dd9bef2', 2.1, '699acaa2-66da-563a-1702-ce5da15ac776', '6207a9a7-3bf9-7288-8565-390639088226')
INSERT dbo.Rating(Id, Value, ProductId, UserId) VALUES ('546398c4-390a-4e07-0fd1-3eb0d6c8a3ab', 5, '37e456ed-14a3-6717-f3b6-6f4dd73eba9e', '3d1c5555-3e10-56cf-2b8f-4d82f3a13455')
INSERT dbo.Rating(Id, Value, ProductId, UserId) VALUES ('4ecefb31-54ed-3555-82cc-ee92bf437a3f', 5, '244bd1b5-7428-4b87-0702-eefebbd653b8', '694c75bd-3b3d-2034-6f1a-bb545470e80c')
INSERT dbo.Rating(Id, Value, ProductId, UserId) VALUES ('14a4df35-321d-52e3-beec-c0283040ad25', 3, '4f7021f5-7800-11be-0a02-eefebbd653b8', '5e272913-6cff-509f-d8b8-94f47731937d')
INSERT dbo.Rating(Id, Value, ProductId, UserId) VALUES ('167cf5bc-39a6-385c-9b17-6d44a4db1359', 3.39, '397bc919-4888-5ab2-402b-e89ea5388e0b', '694c75bd-3b3d-2034-6f1a-bb545470e80c')
INSERT dbo.Rating(Id, Value, ProductId, UserId) VALUES ('447dffc6-197b-2ff7-d82a-7682e3734d78', 4.81, '5984fdaa-1e0e-68c7-3e2b-e89ea5388e0b', '60e226cb-63fb-4363-fc4d-8601bf3d85d8')
INSERT dbo.Rating(Id, Value, ProductId, UserId) VALUES ('610d051d-3b25-7e48-a6a1-42774ba8130c', 4.31, '699acaa2-66da-563a-1702-ce5da15ac776', '5ada22d3-3248-6596-6e1a-bb545470e80c')
INSERT dbo.Rating(Id, Value, ProductId, UserId) VALUES ('48bdd4e7-646e-7902-5024-57eba84125d9', 5, '2dc6dc0b-307b-3bde-5c76-66508ad02725', '33c6f0f4-3591-2c8e-1244-cfd00e0a9b3b')
INSERT dbo.Rating(Id, Value, ProductId, UserId) VALUES ('2734e350-5e53-2d24-666f-d59c8dd9bef2', 2.16, '1b3166b4-1301-5956-5a76-66508ad02725', '11643064-22fb-7e14-1399-04b3a3d51ef2')
INSERT dbo.Rating(Id, Value, ProductId, UserId) VALUES ('30ffca17-711e-441a-5124-57eba84125d9', 1.47, '228bfc03-38db-4741-f096-94965a4eaa62', '15b4ab0a-3b8f-6f6f-2a8f-4d82f3a13455')
INSERT dbo.Rating(Id, Value, ProductId, UserId) VALUES ('3570d3a2-560d-6c20-bfec-c0283040ad25', 4.67, '1259a17c-69e8-7a1c-da4b-16e575b61049', '4b635464-5ee2-2a80-f103-13a65cc92c97')
INSERT dbo.Rating(Id, Value, ProductId, UserId) VALUES ('26ae478c-2a21-3a6e-83cc-ee92bf437a3f', 3.78, '7959e1dd-2e0b-4306-7a7e-3e3b283cabde', '4a0e751e-750e-45c3-de78-cf6d4dd5c4a3')
INSERT dbo.Rating(Id, Value, ProductId, UserId) VALUES ('480cfbe3-75f5-2d9a-9c17-6d44a4db1359', 4.76, '2f8a5a0d-54fa-587b-5676-66508ad02725', '4b635464-5ee2-2a80-f103-13a65cc92c97')
INSERT dbo.Rating(Id, Value, ProductId, UserId) VALUES ('53acd086-7172-2c50-676f-d59c8dd9bef2', 5, '1e3453a2-3ef5-5f70-8dc9-bcec0cd444f8', '6d81a322-63f0-7270-6d1a-bb545470e80c')
GO

--
-- Inserting data into table dbo.Review
--
INSERT dbo.Review(Id, Title, Content, ProductId, UserId) VALUES ('4b24c549-7e20-66b7-b073-961b5d5b8db8', N'Sunt molestiae debitis corrupti at.', N'J7O4SDQ909KH24A9SH50Y2VNE6RQ8JC4BFJUJ87LELIVCO2H6ZV2J77245BA78Q1G7355TEP3B6XC3D6CXZ2H26019J99N0C72W0', '5984fdaa-1e0e-68c7-3e2b-e89ea5388e0b', '4715a96a-6e8c-2acb-1499-04b3a3d51ef2')
INSERT dbo.Review(Id, Title, Content, ProductId, UserId) VALUES ('5ae81b32-58d1-4d20-9828-186a78c3f39e', N'Quisquam perspiciatis rem voluptas.', N'016KLEJ35JWSI308U0R7ZI3P16857QFMK422X626M1RZLF76GE62IL2EM1375N0UQ0054A3JN10543L6WB', '24fee4c1-709c-79d6-1802-ce5da15ac776', '4bfe55ba-57df-274c-1144-cfd00e0a9b3b')
INSERT dbo.Review(Id, Title, Content, ProductId, UserId) VALUES ('16205738-76ff-585a-5bf5-ad608731b315', N'Unde ducimus sunt modi delectus nihil.', N'NNY1NPFL4F37', '49bdab11-1115-7150-d84b-16e575b61049', '30d623f2-31cf-5d4c-f7c3-4d1f326d5ebd')
INSERT dbo.Review(Id, Title, Content, ProductId, UserId) VALUES ('3626bfa8-5701-284a-b173-961b5d5b8db8', N'Autem enim et labore unde autem quis.', N'2VG2X1D9PDIOY83X5L985ZZ2BAC0567V67VAE1C974BDT0F65TVRZ4V1B', '6c4c1f9b-1644-2620-5976-66508ad02725', '5bfe5648-65c2-7d1a-f203-13a65cc92c97')
INSERT dbo.Review(Id, Title, Content, ProductId, UserId) VALUES ('1e8dfa7f-1c62-3917-c31e-f9a34758b9dc', N'Dolorem vero ab iste aut quisquam.', N'9080SF', '1a361dba-2edd-6ebd-324d-4c0f86f26090', '30d623f2-31cf-5d4c-f7c3-4d1f326d5ebd')
INSERT dbo.Review(Id, Title, Content, ProductId, UserId) VALUES ('28386a4b-698c-2f33-b9ed-840d076bb970', N'Dignissimos rem aperiam accusamus.', N'58USEAM4U1MI65XJMDVQS', '1e3453a2-3ef5-5f70-8dc9-bcec0cd444f8', '4a0e751e-750e-45c3-de78-cf6d4dd5c4a3')
INSERT dbo.Review(Id, Title, Content, ProductId, UserId) VALUES ('3247100d-5018-5366-7440-2c126cc94c2f', N'Autem unde reiciendis mollitia eum.', N'8A4ZT850O5U9F2XYP1378Y0R0A', '1b3166b4-1301-5956-5a76-66508ad02725', '694c75bd-3b3d-2034-6f1a-bb545470e80c')
INSERT dbo.Review(Id, Title, Content, ProductId, UserId) VALUES ('707de3be-287e-1d9c-9928-186a78c3f39e', N'Autem rerum nesciunt quis.', N'XH2D34X2K9EX5A32855R8UNKCCPDZ712C', '1259a17c-69e8-7a1c-da4b-16e575b61049', '15f49a4f-6117-2234-1544-cfd00e0a9b3b')
INSERT dbo.Review(Id, Title, Content, ProductId, UserId) VALUES ('79ff2a0d-5c05-6b52-14fe-de0b0c8b9758', N'Provident magni sed ut praesentium.', N'PE259Y7NAKN8VQ7EFPKM1R440W5N6NV127LM5L5V311WIA8X8Y5WZM', '336d8f99-255d-646e-f0b6-6f4dd73eba9e', '3d1c5555-3e10-56cf-2b8f-4d82f3a13455')
INSERT dbo.Review(Id, Title, Content, ProductId, UserId) VALUES ('4957e06d-717c-2c9f-d238-03bfeb02538a', N'Sed vel dignissimos necessitatibus et.', N'QGG19DAWHX4L', '244bd1b5-7428-4b87-0702-eefebbd653b8', '4e53ab23-4fbb-7431-fe4d-8601bf3d85d8')
INSERT dbo.Review(Id, Title, Content, ProductId, UserId) VALUES ('33afe3f5-6923-5d32-b273-961b5d5b8db8', N'Incidunt sunt ullam minima eaque.', N'F2', '26c1e1f8-3a26-53fe-5876-66508ad02725', '15f0f2b5-5e6d-6d8a-df78-cf6d4dd5c4a3')
INSERT dbo.Review(Id, Title, Content, ProductId, UserId) VALUES ('623f47c1-32bb-31ef-9a28-186a78c3f39e', N'Dolorem earum error tempora eum ut.', N'57W2BFQ27KB41G3P4ZWTXA71L850OR1N1YS29H7BUMWO5W117I5I0H3GMK7BWHR2S5RQ254P53988X7296269TLOJV', '37e456ed-14a3-6717-f3b6-6f4dd73eba9e', '11fbda18-5d9f-396c-1299-04b3a3d51ef2')
INSERT dbo.Review(Id, Title, Content, ProductId, UserId) VALUES ('4f936fa9-694c-512e-b373-961b5d5b8db8', N'Id voluptate explicabo est aut sequi.', N'9PND443EN', '1257615f-5ea8-6cd9-0b02-eefebbd653b8', '4e3e50b0-55de-5c2f-2d8f-4d82f3a13455')
INSERT dbo.Review(Id, Title, Content, ProductId, UserId) VALUES ('502e64c9-1598-4f62-fcb2-605a27f3fd3e', N'Iste sed aperiam dolor aperiam ullam.', N'9780CQCZBYDLV85GULVNV0P0XL87LO4V0907D3424K32HT580K8Q2HAZZH22H48JJ949NU', '43624c49-472d-4810-f296-94965a4eaa62', '33c6f0f4-3591-2c8e-1244-cfd00e0a9b3b')
INSERT dbo.Review(Id, Title, Content, ProductId, UserId) VALUES ('7438d178-1b28-37ba-5cf5-ad608731b315', N'Aperiam ea consequatur ab est.', N'3W', '36460dcf-323b-1391-8ec9-bcec0cd444f8', '11643064-22fb-7e14-1399-04b3a3d51ef2')
INSERT dbo.Review(Id, Title, Content, ProductId, UserId) VALUES ('5bd4c321-72dc-6fd1-15fe-de0b0c8b9758', N'Explicabo veniam sit.', N'G739X0B32', '36460dcf-323b-1391-8ec9-bcec0cd444f8', '60e226cb-63fb-4363-fc4d-8601bf3d85d8')
INSERT dbo.Review(Id, Title, Content, ProductId, UserId) VALUES ('6556cfd1-406e-77dd-fdb2-605a27f3fd3e', N'Enim aliquid non dolorum temporibus.', N'OW21CT0O9G2AFUR6D', '36460dcf-323b-1391-8ec9-bcec0cd444f8', '694c75bd-3b3d-2034-6f1a-bb545470e80c')
INSERT dbo.Review(Id, Title, Content, ProductId, UserId) VALUES ('4e5d05d1-155e-632a-d969-77552cf052f6', N'At cum voluptate.', N'493A3601P9373HR8Z27OVYQM3HYV35NLC', '36ce1756-1d21-7373-f1b6-6f4dd73eba9e', '4a0e751e-750e-45c3-de78-cf6d4dd5c4a3')
INSERT dbo.Review(Id, Title, Content, ProductId, UserId) VALUES ('14db3476-7f98-70b8-c41e-f9a34758b9dc', N'Qui et sed iste quis iusto aperiam.', N'74FW22Y79U0WIS0CP9LG68S5VTJE7RS8E3Z8GQ10TR6N8GTA03I194Y5X8UL99R8G', '1a591774-4565-7236-90c9-bcec0cd444f8', '5bfe5648-65c2-7d1a-f203-13a65cc92c97')
INSERT dbo.Review(Id, Title, Content, ProductId, UserId) VALUES ('68f73a4f-7e6e-1f23-9b28-186a78c3f39e', N'Minus blanditiis aut.', N'QX39C1A19EJ6X', '4abdf3c0-7507-7423-304d-4c0f86f26090', '5bfe5648-65c2-7d1a-f203-13a65cc92c97')
INSERT dbo.Review(Id, Title, Content, ProductId, UserId) VALUES ('424dc762-2e36-2c53-7540-2c126cc94c2f', N'Veritatis quia iste est recusandae.', N'16QWJJ0OQHJ8YOTMIAO5W451YY8S2ND1M9D21G31TD6J1F4I', '5f0a8444-3de1-3f02-eeb6-6f4dd73eba9e', '60e226cb-63fb-4363-fc4d-8601bf3d85d8')
INSERT dbo.Review(Id, Title, Content, ProductId, UserId) VALUES ('2c9a1269-6e37-5df9-baed-840d076bb970', N'Deleniti expedita repudiandae omnis.', N'XAY4271460Z1F33538EKO58U9M89LA71YI9TO1383H11268', '43624c49-472d-4810-f296-94965a4eaa62', '4b635464-5ee2-2a80-f103-13a65cc92c97')
INSERT dbo.Review(Id, Title, Content, ProductId, UserId) VALUES ('65b727e7-6a03-1feb-da69-77552cf052f6', N'Officia ratione maxime laborum.', N'4955P5P7JHU0561958455I7', '36a4260a-7f6c-2ec6-f2b6-6f4dd73eba9e', '6ed2e962-178c-712c-fd4d-8601bf3d85d8')
INSERT dbo.Review(Id, Title, Content, ProductId, UserId) VALUES ('216e3c1e-4796-5e45-b473-961b5d5b8db8', N'Voluptate nesciunt tenetur error.', N'Q0', '5ebb6116-1627-3f70-0602-eefebbd653b8', '4a0e751e-750e-45c3-de78-cf6d4dd5c4a3')
INSERT dbo.Review(Id, Title, Content, ProductId, UserId) VALUES ('541f5418-502c-5e86-9c28-186a78c3f39e', N'Aliquam nam nihil quaerat.', N'BTCG3QUK5FDQ0BZJ8', '51d8cc33-7be1-161f-f396-94965a4eaa62', '6207a9a7-3bf9-7288-8565-390639088226')
INSERT dbo.Review(Id, Title, Content, ProductId, UserId) VALUES ('7f8a99f5-1914-3e1c-d338-03bfeb02538a', N'Unde iusto qui enim odit ut qui.', N'8AI6Y', '284445b2-65be-4f66-422b-e89ea5388e0b', '4e53ab23-4fbb-7431-fe4d-8601bf3d85d8')
INSERT dbo.Review(Id, Title, Content, ProductId, UserId) VALUES ('51755a4c-6341-4eee-5df5-ad608731b315', N'Aperiam ipsa dignissimos vitae.', N'M1PYAGH44U6OL5ZN18439UPQ9ZCSQX4Q4N63XZ862S', '58fc185f-1925-3117-334d-4c0f86f26090', '6207a9a7-3bf9-7288-8565-390639088226')
INSERT dbo.Review(Id, Title, Content, ProductId, UserId) VALUES ('1876d0f1-3b1d-697e-16fe-de0b0c8b9758', N'Nesciunt quia facilis cum eligendi.', N'017P8C76U6QAT8KXX24AD9E31B5WQXFHF69777789ZMY89011LXU34KGJN3A1SS256Z904ERRIQ51QEA3WG8L00UO', '397bc919-4888-5ab2-402b-e89ea5388e0b', '749718aa-2270-77cc-1444-cfd00e0a9b3b')
INSERT dbo.Review(Id, Title, Content, ProductId, UserId) VALUES ('2634a292-5c65-4179-7640-2c126cc94c2f', N'Reiciendis nulla laborum ad sint.', N'632EQ5NM2FMY9X5329HC7071Y60J035H6KE512WCNNA', '751604f5-1e51-6d47-3f2b-e89ea5388e0b', '15b4ab0a-3b8f-6f6f-2a8f-4d82f3a13455')
INSERT dbo.Review(Id, Title, Content, ProductId, UserId) VALUES ('5a45ae3f-2b14-2af2-b573-961b5d5b8db8', N'Aut voluptatem fuga est.', N'3', '2dc6dc0b-307b-3bde-5c76-66508ad02725', '15b4ab0a-3b8f-6f6f-2a8f-4d82f3a13455')
INSERT dbo.Review(Id, Title, Content, ProductId, UserId) VALUES ('370ca915-2cd9-7767-feb2-605a27f3fd3e', N'Qui animi ullam magni sunt quisquam.', N'J85SAM', '1257615f-5ea8-6cd9-0b02-eefebbd653b8', '697be7ba-1738-6adf-298f-4d82f3a13455')
INSERT dbo.Review(Id, Title, Content, ProductId, UserId) VALUES ('7267031c-4487-2774-c51e-f9a34758b9dc', N'Vel ut eos.', N'QP78B156KO98C4380EN5D6CV3AU47NZU9RM0V2D0K1MU3J10UIT6871YQWQ375H323ZLAF24', '1e3453a2-3ef5-5f70-8dc9-bcec0cd444f8', '5ada22d3-3248-6596-6e1a-bb545470e80c')
INSERT dbo.Review(Id, Title, Content, ProductId, UserId) VALUES ('18b53f09-284d-4d57-5ef5-ad608731b315', N'Doloribus aliquid sit ut cum.', N'92G98', '69619ef2-1249-20fa-797e-3e3b283cabde', '11643064-22fb-7e14-1399-04b3a3d51ef2')
INSERT dbo.Review(Id, Title, Content, ProductId, UserId) VALUES ('51668d1f-78fa-2104-db69-77552cf052f6', N'Officia qui asperiores doloremque.', N'I4J6769V6SC9AAL478L8ZTH68Z', '481c748b-2a85-2a28-efb6-6f4dd73eba9e', '5e272913-6cff-509f-d8b8-94f47731937d')
INSERT dbo.Review(Id, Title, Content, ProductId, UserId) VALUES ('26e7726d-6597-3f83-c61e-f9a34758b9dc', N'In beatae inventore error libero.', N'TVBA1UB256Y8XAQZ6SE3S0K8N4MA02M3', '6f0fc907-5bf7-6e28-ef96-94965a4eaa62', '7de0e887-6ace-4435-1344-cfd00e0a9b3b')
INSERT dbo.Review(Id, Title, Content, ProductId, UserId) VALUES ('42454a5c-3926-3d9d-dc69-77552cf052f6', N'Voluptas a iste mollitia aperiam.', N'32X6JUEZW97296QYFD12IEC5P285O09JG102N5302J8IDS19LO67H6S9C9R89975N1379A', '14735d5d-67ff-5dad-412b-e89ea5388e0b', '694c75bd-3b3d-2034-6f1a-bb545470e80c')
INSERT dbo.Review(Id, Title, Content, ProductId, UserId) VALUES ('1fd964a3-6e9e-40d0-c71e-f9a34758b9dc', N'Et recusandae unde aliquam est et.', N'L838F7ACV95W89QG02BJ62GH32DOHDV9JPS9D617', '669afd3f-720a-6e34-1902-ce5da15ac776', '5e6695e2-5aad-3241-6c1a-bb545470e80c')
INSERT dbo.Review(Id, Title, Content, ProductId, UserId) VALUES ('3bbc27a8-3433-61ae-7740-2c126cc94c2f', N'Optio omnis quo voluptatibus.', N'MJZF8TQEBU01', '7e919581-5fd4-1caf-5776-66508ad02725', '749718aa-2270-77cc-1444-cfd00e0a9b3b')
INSERT dbo.Review(Id, Title, Content, ProductId, UserId) VALUES ('1e0ce3e5-1b57-61df-5ff5-ad608731b315', N'Voluptas cupiditate nesciunt aut.', N'JZ5', '499200b3-46a5-60a7-f196-94965a4eaa62', '1e3c96c9-1471-23e0-8765-390639088226')
INSERT dbo.Review(Id, Title, Content, ProductId, UserId) VALUES ('24c72a01-38e7-40dd-9d28-186a78c3f39e', N'Facilis iste voluptate sint quas.', N'4ZPYNM8II90863F6EC451Z39Z846CF', '69619ef2-1249-20fa-797e-3e3b283cabde', '4b635464-5ee2-2a80-f103-13a65cc92c97')
INSERT dbo.Review(Id, Title, Content, ProductId, UserId) VALUES ('475372d4-62cf-41f2-dd69-77552cf052f6', N'Beatae omnis sit possimus quidem vel.', N'3I2Q5I3CL89W0857XQIFIT0W21W8HRI37N48YPFXXP0X25VM2D1D6G2U', '5ebb6116-1627-3f70-0602-eefebbd653b8', '5e272913-6cff-509f-d8b8-94f47731937d')
INSERT dbo.Review(Id, Title, Content, ProductId, UserId) VALUES ('24e33ba7-2e44-138e-c81e-f9a34758b9dc', N'Ullam et rerum et.', N'0WB2YSJ367BT0S1L650F34MPP6B6M2XJ41LJ960P4790ON2U3H947999516TRCU3964Y7VOZ6R002YA1C783HKX4IHN5NXH609ZM', '1259a17c-69e8-7a1c-da4b-16e575b61049', '15f49a4f-6117-2234-1544-cfd00e0a9b3b')
INSERT dbo.Review(Id, Title, Content, ProductId, UserId) VALUES ('2da9514c-30e5-3da4-bbed-840d076bb970', N'Velit ut accusantium provident et.', N'1674EI5UTSE85SPI3S6397XZ36U75HQFJ43857EXA342G1LDY737IDS', '49bdab11-1115-7150-d84b-16e575b61049', '4715a96a-6e8c-2acb-1499-04b3a3d51ef2')
INSERT dbo.Review(Id, Title, Content, ProductId, UserId) VALUES ('180230e2-77d2-2fe3-17fe-de0b0c8b9758', N'Ea reiciendis dolorem architecto.', N'05XR', '3a6dba26-6960-6953-d74b-16e575b61049', '749718aa-2270-77cc-1444-cfd00e0a9b3b')
INSERT dbo.Review(Id, Title, Content, ProductId, UserId) VALUES ('7c90fa6c-62fe-68c4-7840-2c126cc94c2f', N'Libero perspiciatis necessitatibus.', N'4RW11Q2Y35', '3a6dba26-6960-6953-d74b-16e575b61049', '6ed2e962-178c-712c-fd4d-8601bf3d85d8')
INSERT dbo.Review(Id, Title, Content, ProductId, UserId) VALUES ('3e9721bf-615b-1b5b-60f5-ad608731b315', N'Quis est doloribus enim.', N'DEW8FH', '24fee4c1-709c-79d6-1802-ce5da15ac776', '15f49a4f-6117-2234-1544-cfd00e0a9b3b')
INSERT dbo.Review(Id, Title, Content, ProductId, UserId) VALUES ('3c6e84f4-7024-7129-ffb2-605a27f3fd3e', N'Eos vel nemo voluptatibus ea aut iste.', N'S569WL89F5DQQ4822FREY840J9VQ9', '1257615f-5ea8-6cd9-0b02-eefebbd653b8', '694c75bd-3b3d-2034-6f1a-bb545470e80c')
INSERT dbo.Review(Id, Title, Content, ProductId, UserId) VALUES ('1a6752f6-5064-7d8e-b673-961b5d5b8db8', N'Qui ducimus ratione voluptatem.', N'N8PNBBCCRSLXUU', '699acaa2-66da-563a-1702-ce5da15ac776', '15f49a4f-6117-2234-1544-cfd00e0a9b3b')
INSERT dbo.Review(Id, Title, Content, ProductId, UserId) VALUES ('424691f2-1206-7471-de69-77552cf052f6', N'Quia enim voluptatibus et natus.', N'0325OS85Q9DRD64G1016OBJUQ98A', '4f7021f5-7800-11be-0a02-eefebbd653b8', '4a0e751e-750e-45c3-de78-cf6d4dd5c4a3')
INSERT dbo.Review(Id, Title, Content, ProductId, UserId) VALUES ('7b4a42ef-40c2-6978-c91e-f9a34758b9dc', N'Quas tempora eum quis.', N'M194X64F0AB643H0Z215D0407TCR7ZO', '1b3166b4-1301-5956-5a76-66508ad02725', '6207a9a7-3bf9-7288-8565-390639088226')
GO

--
-- Set NOEXEC to off
--

SET NOEXEC OFF
GO